YearWeekISO,ReportingCountry,Denominator,NumberDosesReceived,NumberDosesExported,FirstDose,FirstDoseRefused,SecondDose,DoseAdditional1,DoseAdditional2,DoseAdditional3,DoseAdditional4,DoseAdditional5,UnknownDose,Region,TargetGroup,Vaccine,Population
2021-W02,AT,424628,0,0,0,,0,0,0,0,0,0,0,AT,Age10_14,COMBA.4-5,8932664
2023-W19,AT,431785,0,0,0,,0,0,0,0,0,0,0,AT,Age0_4,MODBA.1,8978929
2023-W19,AT,7427239,0,0,1,,0,1,9,13,0,0,0,AT,ALL,MOD,8978929
2023-W19,AT,1551690,0,0,0,,0,0,0,0,0,0,0,AT,Age<18,MOD,8978929
2023-W19,AT,524214,0,0,0,,0,0,1,3,0,0,0,AT,Age80+,MOD,8978929
2023-W19,AT,741680,0,0,0,,0,0,1,4,0,0,0,AT,Age70_79,MOD,8978929
2023-W19,AT,1086320,0,0,0,,0,0,3,2,0,0,0,AT,Age60_69,MOD,8978929
2023-W19,AT,1392642,0,0,0,,0,0,1,3,0,0,0,AT,Age50_59,MOD,8978929
2023-W19,AT,435176,0,0,0,,0,0,0,0,0,0,0,AT,Age5_9,MOD,8978929
2023-W19,AT,3005708,0,0,0,,0,1,3,1,0,0,0,AT,Age25_49,MOD,8978929
2023-W19,AT,676675,0,0,1,,0,0,0,0,0,0,0,AT,Age18_24,MOD,8978929
2023-W19,AT,260101,0,0,0,,0,0,0,0,0,0,0,AT,Age15_17,MOD,8978929
2023-W19,AT,424628,0,0,0,,0,0,0,0,0,0,0,AT,Age10_14,MOD,8978929
2023-W19,AT,431785,0,0,0,,0,0,0,0,0,0,0,AT,Age0_4,MOD,8978929
2023-W19,AT,7427239,0,0,0,,0,0,0,0,0,0,0,AT,ALL,JANSS,8978929
2023-W19,AT,1551690,0,0,0,,0,0,0,0,0,0,0,AT,Age<18,JANSS,8978929
2023-W19,AT,524214,0,0,0,,0,0,0,0,0,0,0,AT,Age80+,JANSS,8978929
2023-W19,AT,741680,0,0,0,,0,0,0,0,0,0,0,AT,Age70_79,JANSS,8978929
2023-W19,AT,1086320,0,0,0,,0,0,0,0,0,0,0,AT,Age60_69,JANSS,8978929
2023-W19,AT,1392642,0,0,0,,0,0,0,0,0,0,0,AT,Age50_59,JANSS,8978929
2023-W19,AT,435176,0,0,0,,0,0,0,0,0,0,0,AT,Age5_9,JANSS,8978929
2023-W19,AT,3005708,0,0,0,,0,0,0,0,0,0,0,AT,Age25_49,JANSS,8978929
2023-W19,AT,676675,0,0,0,,0,0,0,0,0,0,0,AT,Age18_24,JANSS,8978929
2023-W19,AT,260101,0,0,0,,0,0,0,0,0,0,0,AT,Age15_17,JANSS,8978929
2023-W19,AT,424628,0,0,0,,0,0,0,0,0,0,0,AT,Age10_14,JANSS,8978929
2023-W19,AT,431785,0,0,0,,0,0,0,0,0,0,0,AT,Age0_4,JANSS,8978929
2023-W19,AT,7427239,0,0,9,,4,38,263,397,0,0,0,AT,ALL,COMBA.4-5,8978929
2023-W19,AT,1551690,0,0,5,,6,14,4,1,0,0,0,AT,Age<18,COMBA.4-5,8978929
2023-W19,AT,524214,0,0,0,,0,2,12,92,0,0,0,AT,Age80+,COMBA.4-5,8978929
2023-W19,AT,741680,0,0,1,,0,2,40,106,0,0,0,AT,Age70_79,COMBA.4-5,8978929
2023-W19,AT,1086320,0,0,0,,0,3,55,111,0,0,0,AT,Age60_69,COMBA.4-5,8978929
2023-W19,AT,1392642,0,0,1,,1,1,63,46,0,0,0,AT,Age50_59,COMBA.4-5,8978929
2023-W19,AT,435176,0,0,1,,2,6,0,0,0,0,0,AT,Age5_9,COMBA.4-5,8978929
2023-W19,AT,3005708,0,0,4,,1,24,76,37,0,0,0,AT,Age25_49,COMBA.4-5,8978929
2023-W19,AT,676675,0,0,3,,2,6,17,5,0,0,0,AT,Age18_24,COMBA.4-5,8978929
2023-W19,AT,260101,0,0,0,,1,1,2,0,0,0,0,AT,Age15_17,COMBA.4-5,8978929
2021-W20,AT,1551690,0,0,0,,0,0,0,0,0,0,0,AT,Age<18,COMBA.4-5,8932664
2021-W20,AT,7427239,0,0,1,,1,0,0,0,0,0,0,AT,ALL,COMBA.4-5,8932664
2021-W20,AT,431785,0,0,0,,0,0,0,0,0,0,0,AT,Age0_4,JANSS,8932664
2021-W20,AT,424628,0,0,0,,0,0,0,0,0,0,0,AT,Age10_14,JANSS,8932664
2021-W20,AT,260101,0,0,12,,0,0,0,0,0,0,0,AT,Age15_17,JANSS,8932664
2021-W20,AT,676675,0,0,1076,,0,0,0,0,0,0,0,AT,Age18_24,JANSS,8932664
2021-W20,AT,3005708,0,0,6573,,2,1,0,0,0,0,0,AT,Age25_49,JANSS,8932664
2021-W20,AT,435176,0,0,0,,0,0,0,0,0,0,0,AT,Age5_9,JANSS,8932664
2021-W20,AT,1392642,0,0,2697,,2,0,0,0,0,0,0,AT,Age50_59,JANSS,8932664
2021-W20,AT,1086320,0,0,1229,,2,0,0,0,0,0,0,AT,Age60_69,JANSS,8932664
2021-W20,AT,741680,0,0,559,,0,1,0,0,0,0,0,AT,Age70_79,JANSS,8932664
2021-W20,AT,524214,0,0,476,,0,0,0,0,0,0,0,AT,Age80+,JANSS,8932664
2021-W20,AT,1551690,0,0,12,,0,0,0,0,0,0,0,AT,Age<18,JANSS,8932664
2021-W20,AT,7427239,24000,0,12610,,6,2,0,0,0,0,0,AT,ALL,JANSS,8932664
2021-W20,AT,431785,0,0,1,,0,0,0,0,0,0,0,AT,Age0_4,MOD,8932664
2021-W20,AT,424628,0,0,1,,0,0,0,0,0,0,0,AT,Age10_14,MOD,8932664
2021-W20,AT,260101,0,0,51,,3,0,0,0,0,0,0,AT,Age15_17,MOD,8932664
2021-W20,AT,676675,0,0,2194,,283,0,0,0,0,0,0,AT,Age18_24,MOD,8932664
2021-W20,AT,3005708,0,0,21164,,2257,2,0,0,0,0,0,AT,Age25_49,MOD,8932664
2021-W20,AT,435176,0,0,1,,0,0,0,0,0,0,0,AT,Age5_9,MOD,8932664
2021-W20,AT,1392642,0,0,13485,,1426,1,0,0,0,0,0,AT,Age50_59,MOD,8932664
2021-W20,AT,1086320,0,0,9031,,4722,0,1,0,0,0,0,AT,Age60_69,MOD,8932664
2021-W20,AT,741680,0,0,943,,12185,2,0,0,0,0,0,AT,Age70_79,MOD,8932664
2021-W20,AT,524214,0,0,335,,837,1,0,0,0,0,0,AT,Age80+,MOD,8932664
2021-W20,AT,1551690,0,0,54,,3,0,0,0,0,0,0,AT,Age<18,MOD,8932664
2021-W20,AT,7427239,58800,0,47152,,21710,6,1,0,0,0,0,AT,ALL,MOD,8932664
2021-W20,AT,431785,0,0,0,,0,0,0,0,0,0,0,AT,Age0_4,MODBA.1,8932664
2021-W20,AT,424628,0,0,0,,0,0,0,0,0,0,0,AT,Age10_14,MODBA.1,8932664
2021-W20,AT,260101,0,0,0,,0,0,0,0,0,0,0,AT,Age15_17,MODBA.1,8932664
2021-W20,AT,676675,0,0,0,,0,0,0,0,0,0,0,AT,Age18_24,MODBA.1,8932664
2021-W20,AT,3005708,0,0,0,,0,0,0,0,0,0,0,AT,Age25_49,MODBA.1,8932664
2021-W20,AT,435176,0,0,0,,0,0,0,0,0,0,0,AT,Age5_9,MODBA.1,8932664
2021-W20,AT,1392642,0,0,0,,0,0,0,0,0,0,0,AT,Age50_59,MODBA.1,8932664
2021-W20,AT,1086320,0,0,0,,0,0,0,0,0,0,0,AT,Age60_69,MODBA.1,8932664
2021-W20,AT,741680,0,0,0,,0,0,0,0,0,0,0,AT,Age70_79,MODBA.1,8932664
2021-W20,AT,524214,0,0,0,,0,0,0,0,0,0,0,AT,Age80+,MODBA.1,8932664
2021-W20,AT,1551690,0,0,0,,0,0,0,0,0,0,0,AT,Age<18,MODBA.1,8932664
2021-W20,AT,7427239,0,0,0,,0,0,0,0,0,0,0,AT,ALL,MODBA.1,8932664
2021-W20,AT,431785,0,0,0,,0,0,0,0,0,0,0,AT,Age0_4,NVXD,8932664
2021-W20,AT,424628,0,0,0,,0,0,0,0,0,0,0,AT,Age10_14,NVXD,8932664
2021-W20,AT,260101,0,0,0,,0,0,0,0,0,0,0,AT,Age15_17,NVXD,8932664
2021-W20,AT,676675,0,0,0,,0,0,0,0,0,0,0,AT,Age18_24,NVXD,8932664
2021-W20,AT,3005708,0,0,0,,0,0,0,0,0,0,0,AT,Age25_49,NVXD,8932664
2021-W20,AT,435176,0,0,0,,0,0,0,0,0,0,0,AT,Age5_9,NVXD,8932664
2021-W20,AT,1392642,0,0,0,,0,0,0,0,0,0,0,AT,Age50_59,NVXD,8932664
2021-W20,AT,1086320,0,0,0,,0,0,0,0,0,0,0,AT,Age60_69,NVXD,8932664
2021-W20,AT,741680,0,0,0,,0,0,0,0,0,0,0,AT,Age70_79,NVXD,8932664
2021-W20,AT,524214,0,0,0,,0,0,0,0,0,0,0,AT,Age80+,NVXD,8932664
2021-W20,AT,1551690,0,0,0,,0,0,0,0,0,0,0,AT,Age<18,NVXD,8932664
2021-W20,AT,7427239,0,0,0,,0,0,0,0,0,0,0,AT,ALL,NVXD,8932664
2023-W19,AT,424628,0,0,0,,0,1,2,0,0,0,0,AT,Age10_14,COMBA.4-5,8978929
2023-W19,AT,431785,0,0,4,,3,6,0,1,0,0,0,AT,Age0_4,COMBA.4-5,8978929
2023-W19,AT,7427239,0,0,2,,0,1,24,33,0,0,0,AT,ALL,COMBA.1,8978929
2023-W19,AT,1551690,0,0,0,,3,1,1,0,0,0,0,AT,Age<18,COMBA.1,8978929
2023-W19,AT,524214,0,0,0,,0,0,0,3,0,0,0,AT,Age80+,COMBA.1,8978929
2023-W19,AT,741680,0,0,0,,0,1,3,9,0,0,0,AT,Age70_79,COMBA.1,8978929
2023-W19,AT,1086320,0,0,1,,0,0,7,7,0,0,0,AT,Age60_69,COMBA.1,8978929
2023-W19,AT,1392642,0,0,0,,0,0,7,7,0,0,0,AT,Age50_59,COMBA.1,8978929
2023-W19,AT,435176,0,0,0,,0,1,0,0,0,0,0,AT,Age5_9,COMBA.1,8978929
2023-W19,AT,3005708,0,0,1,,0,0,6,6,0,0,0,AT,Age25_49,COMBA.1,8978929
2023-W19,AT,676675,0,0,0,,0,0,1,1,0,0,0,AT,Age18_24,COMBA.1,8978929
2023-W19,AT,260101,0,0,0,,0,0,1,0,0,0,0,AT,Age15_17,COMBA.1,8978929
2023-W19,AT,424628,0,0,0,,0,0,0,0,0,0,0,AT,Age10_14,COMBA.1,8978929
2023-W19,AT,431785,0,0,0,,3,0,0,0,0,0,0,AT,Age0_4,COMBA.1,8978929
2023-W19,AT,7427239,0,0,5,,6,12,77,100,0,0,0,AT,ALL,COM,8978929
2023-W19,AT,1551690,0,0,5,,10,17,6,0,0,0,0,AT,Age<18,COM,8978929
2023-W19,AT,524214,0,0,0,,0,0,9,25,0,0,0,AT,Age80+,COM,8978929
2021-W46,AT,1086320,0,0,0,,0,0,0,0,0,0,0,AT,Age60_69,MODBA.1,8932664
2021-W46,AT,741680,0,0,0,,0,0,0,0,0,0,0,AT,Age70_79,MODBA.1,8932664
2021-W40,AT,1551690,0,0,0,,0,0,0,0,0,0,0,AT,Age<18,NVXD,8932664
2021-W46,AT,524214,0,0,0,,0,0,0,0,0,0,0,AT,Age80+,MODBA.1,8932664
2021-W46,AT,1551690,0,0,0,,0,0,0,0,0,0,0,AT,Age<18,MODBA.1,8932664
2021-W46,AT,7427239,0,0,0,,0,1,0,0,0,0,0,AT,ALL,MODBA.1,8932664
2021-W46,AT,431785,0,0,0,,0,0,0,0,0,0,0,AT,Age0_4,NVXD,8932664
2021-W46,AT,424628,0,0,0,,0,0,0,0,0,0,0,AT,Age10_14,NVXD,8932664
2021-W46,AT,260101,0,0,0,,0,0,0,0,0,0,0,AT,Age15_17,NVXD,8932664
2021-W46,AT,676675,0,0,0,,0,0,0,0,0,0,0,AT,Age18_24,NVXD,8932664
2021-W46,AT,3005708,0,0,0,,0,0,0,0,0,0,0,AT,Age25_49,NVXD,8932664
2021-W35,AT,1392642,0,0,1,,0,0,0,0,0,0,0,AT,Age50_59,COMBA.4-5,8932664
2021-W35,AT,1086320,0,0,0,,0,0,0,0,0,0,0,AT,Age60_69,COMBA.4-5,8932664
2021-W35,AT,741680,0,0,0,,0,0,0,0,0,0,0,AT,Age70_79,COMBA.4-5,8932664
2021-W35,AT,524214,0,0,0,,0,0,0,0,0,0,0,AT,Age80+,COMBA.4-5,8932664
2021-W35,AT,1551690,0,0,0,,0,0,0,0,0,0,0,AT,Age<18,COMBA.4-5,8932664
2021-W35,AT,7427239,0,0,1,,0,0,0,0,0,0,0,AT,ALL,COMBA.4-5,8932664
2021-W35,AT,431785,0,0,0,,0,0,0,0,0,0,0,AT,Age0_4,JANSS,8932664
2021-W35,AT,424628,0,0,5,,0,0,0,0,0,0,0,AT,Age10_14,JANSS,8932664
2021-W35,AT,260101,0,0,28,,0,0,0,0,0,0,0,AT,Age15_17,JANSS,8932664
2021-W35,AT,676675,0,0,2035,,5,2,0,0,0,0,0,AT,Age18_24,JANSS,8932664
2021-W13,AT,1086320,0,0,1,,0,0,0,0,0,0,0,AT,Age60_69,COMBA.1,8932664
2021-W13,AT,1392642,0,0,0,,0,0,0,0,0,0,0,AT,Age50_59,COMBA.1,8932664
2021-W13,AT,435176,0,0,0,,0,0,0,0,0,0,0,AT,Age5_9,COMBA.1,8932664
2021-W13,AT,3005708,0,0,2,,0,0,0,0,0,0,0,AT,Age25_49,COMBA.1,8932664
2021-W13,AT,676675,0,0,0,,0,0,0,0,0,0,0,AT,Age18_24,COMBA.1,8932664
2021-W13,AT,260101,0,0,0,,0,0,0,0,0,0,0,AT,Age15_17,COMBA.1,8932664
2021-W11,AT,1392642,0,0,0,,0,0,0,0,0,0,0,AT,Age50_59,MODBA.1,8932664
2021-W11,AT,435176,0,0,0,,0,0,0,0,0,0,0,AT,Age5_9,MODBA.1,8932664
2021-W11,AT,3005708,0,0,0,,0,0,0,0,0,0,0,AT,Age25_49,MODBA.1,8932664
2021-W11,AT,676675,0,0,0,,0,0,0,0,0,0,0,AT,Age18_24,MODBA.1,8932664
2021-W11,AT,260101,0,0,0,,0,0,0,0,0,0,0,AT,Age15_17,MODBA.1,8932664
2021-W11,AT,424628,0,0,0,,0,0,0,0,0,0,0,AT,Age10_14,MODBA.1,8932664
2021-W11,AT,431785,0,0,0,,0,0,0,0,0,0,0,AT,Age0_4,MODBA.1,8932664
2021-W11,AT,7427239,0,0,27853,,4139,1,0,0,0,0,0,AT,ALL,MOD,8932664
2021-W11,AT,1551690,0,0,16,,2,0,0,0,0,0,0,AT,Age<18,MOD,8932664
2021-W11,AT,524214,0,0,4279,,1333,0,0,0,0,0,0,AT,Age80+,MOD,8932664
2021-W11,AT,741680,0,0,7108,,578,0,0,0,0,0,0,AT,Age70_79,MOD,8932664
2021-W11,AT,1086320,0,0,4944,,549,0,0,0,0,0,0,AT,Age60_69,MOD,8932664
2021-W11,AT,1392642,0,0,4536,,678,0,0,0,0,0,0,AT,Age50_59,MOD,8932664
2021-W11,AT,435176,0,0,0,,0,0,0,0,0,0,0,AT,Age5_9,MOD,8932664
2021-W11,AT,3005708,0,0,5866,,931,1,0,0,0,0,0,AT,Age25_49,MOD,8932664
2021-W11,AT,676675,0,0,1120,,70,0,0,0,0,0,0,AT,Age18_24,MOD,8932664
2021-W11,AT,260101,0,0,15,,2,0,0,0,0,0,0,AT,Age15_17,MOD,8932664
2021-W11,AT,424628,0,0,0,,0,0,0,0,0,0,0,AT,Age10_14,MOD,8932664
2021-W11,AT,431785,0,0,1,,0,0,0,0,0,0,0,AT,Age0_4,MOD,8932664
2021-W11,AT,7427239,0,0,29,,0,0,0,0,0,0,0,AT,ALL,JANSS,8932664
2021-W11,AT,1551690,0,0,0,,0,0,0,0,0,0,0,AT,Age<18,JANSS,8932664
2021-W11,AT,524214,0,0,0,,0,0,0,0,0,0,0,AT,Age80+,JANSS,8932664
2021-W11,AT,741680,0,0,0,,0,0,0,0,0,0,0,AT,Age70_79,JANSS,8932664
2021-W11,AT,1086320,0,0,3,,0,0,0,0,0,0,0,AT,Age60_69,JANSS,8932664
2021-W11,AT,1392642,0,0,3,,0,0,0,0,0,0,0,AT,Age50_59,JANSS,8932664
2021-W35,AT,3005708,0,0,6850,,15,9,0,0,0,0,0,AT,Age25_49,JANSS,8932664
2021-W35,AT,435176,0,0,1,,0,0,0,0,0,0,0,AT,Age5_9,JANSS,8932664
2021-W11,AT,435176,0,0,0,,0,0,0,0,0,0,0,AT,Age5_9,JANSS,8932664
2021-W11,AT,3005708,0,0,20,,0,0,0,0,0,0,0,AT,Age25_49,JANSS,8932664
2021-W11,AT,676675,0,0,3,,0,0,0,0,0,0,0,AT,Age18_24,JANSS,8932664
2021-W11,AT,260101,0,0,0,,0,0,0,0,0,0,0,AT,Age15_17,JANSS,8932664
2021-W11,AT,424628,0,0,0,,0,0,0,0,0,0,0,AT,Age10_14,JANSS,8932664
2021-W11,AT,431785,0,0,0,,0,0,0,0,0,0,0,AT,Age0_4,JANSS,8932664
2021-W11,AT,7427239,0,0,1,,2,0,0,0,0,0,0,AT,ALL,COMBA.4-5,8932664
2021-W11,AT,1551690,0,0,0,,0,0,0,0,0,0,0,AT,Age<18,COMBA.4-5,8932664
2021-W35,AT,1392642,0,0,2303,,4,7,0,0,0,0,0,AT,Age50_59,JANSS,8932664
2021-W35,AT,1086320,0,0,1268,,5,6,0,0,0,0,0,AT,Age60_69,JANSS,8932664
2021-W35,AT,741680,0,0,574,,1,5,0,0,0,0,0,AT,Age70_79,JANSS,8932664
2021-W35,AT,524214,0,0,325,,1,0,0,0,0,0,0,AT,Age80+,JANSS,8932664
2021-W35,AT,1551690,0,0,34,,0,0,0,0,0,0,0,AT,Age<18,JANSS,8932664
2021-W35,AT,7427239,0,0,13355,,31,29,0,0,0,0,0,AT,ALL,JANSS,8932664
2021-W35,AT,431785,0,0,0,,0,0,0,0,0,0,0,AT,Age0_4,MOD,8932664
2021-W35,AT,424628,0,0,163,,223,1,0,0,0,0,0,AT,Age10_14,MOD,8932664
2021-W35,AT,260101,0,0,178,,308,0,0,0,0,0,0,AT,Age15_17,MOD,8932664
2021-W35,AT,676675,0,0,234,,503,5,0,0,0,0,0,AT,Age18_24,MOD,8932664
2021-W35,AT,3005708,0,0,761,,1846,66,3,0,0,0,0,AT,Age25_49,MOD,8932664
2021-W35,AT,435176,0,0,0,,0,0,0,0,0,0,0,AT,Age5_9,MOD,8932664
2021-W35,AT,1392642,0,0,217,,630,66,1,0,0,0,0,AT,Age50_59,MOD,8932664
2021-W35,AT,1086320,0,0,101,,361,78,1,0,0,0,0,AT,Age60_69,MOD,8932664
2021-W35,AT,741680,0,0,51,,164,63,1,0,0,0,0,AT,Age70_79,MOD,8932664
2021-W35,AT,524214,0,0,35,,112,22,0,0,0,0,0,AT,Age80+,MOD,8932664
2021-W35,AT,1551690,0,0,341,,531,1,0,0,0,0,0,AT,Age<18,MOD,8932664
2021-W35,AT,7427239,0,0,1399,,3616,300,6,0,0,0,0,AT,ALL,MOD,8932664
2021-W35,AT,431785,0,0,0,,0,0,0,0,0,0,0,AT,Age0_4,MODBA.1,8932664
2021-W35,AT,424628,0,0,0,,0,0,0,0,0,0,0,AT,Age10_14,MODBA.1,8932664
2021-W35,AT,260101,0,0,0,,0,0,0,0,0,0,0,AT,Age15_17,MODBA.1,8932664
2021-W35,AT,676675,0,0,0,,0,0,0,0,0,0,0,AT,Age18_24,MODBA.1,8932664
2021-W35,AT,3005708,0,0,0,,0,0,0,0,0,0,0,AT,Age25_49,MODBA.1,8932664
2021-W35,AT,435176,0,0,0,,0,0,0,0,0,0,0,AT,Age5_9,MODBA.1,8932664
2021-W35,AT,1392642,0,0,0,,0,0,0,0,0,0,0,AT,Age50_59,MODBA.1,8932664
2021-W35,AT,1086320,0,0,0,,0,0,0,0,0,0,0,AT,Age60_69,MODBA.1,8932664
2021-W35,AT,741680,0,0,0,,0,0,0,0,0,0,0,AT,Age70_79,MODBA.1,8932664
2021-W35,AT,524214,0,0,0,,0,0,0,0,0,0,0,AT,Age80+,MODBA.1,8932664
2021-W35,AT,1551690,0,0,0,,0,0,0,0,0,0,0,AT,Age<18,MODBA.1,8932664
2021-W35,AT,7427239,0,0,0,,0,0,0,0,0,0,0,AT,ALL,MODBA.1,8932664
2021-W35,AT,431785,0,0,0,,0,0,0,0,0,0,0,AT,Age0_4,NVXD,8932664
2021-W35,AT,424628,0,0,0,,0,0,0,0,0,0,0,AT,Age10_14,NVXD,8932664
2021-W35,AT,260101,0,0,0,,0,0,0,0,0,0,0,AT,Age15_17,NVXD,8932664
2021-W35,AT,676675,0,0,0,,0,0,0,0,0,0,0,AT,Age18_24,NVXD,8932664
2021-W35,AT,3005708,0,0,0,,0,0,0,0,0,0,0,AT,Age25_49,NVXD,8932664
2021-W35,AT,435176,0,0,0,,0,0,0,0,0,0,0,AT,Age5_9,NVXD,8932664
2021-W33,AT,1392642,0,0,3610,,8769,131,2,0,0,0,0,AT,Age50_59,COM,8932664
2021-W33,AT,1086320,0,0,2122,,5136,149,3,0,0,0,0,AT,Age60_69,COM,8932664
2021-W33,AT,741680,0,0,1107,,2396,107,4,0,0,0,0,AT,Age70_79,COM,8932664
2021-W33,AT,524214,0,0,694,,1072,88,1,0,0,0,0,AT,Age80+,COM,8932664
2021-W33,AT,1551690,0,0,7038,,17821,9,0,0,0,0,0,AT,Age<18,COM,8932664
2021-W33,AT,7427239,519480,0,23299,,73035,690,25,0,0,0,0,AT,ALL,COM,8932664
2021-W33,AT,431785,0,0,0,,0,0,0,0,0,0,0,AT,Age0_4,COMBA.1,8932664
2021-W33,AT,424628,0,0,0,,1,0,0,0,0,0,0,AT,Age10_14,COMBA.1,8932664
2021-W33,AT,260101,0,0,0,,0,0,0,0,0,0,0,AT,Age15_17,COMBA.1,8932664
2021-W33,AT,676675,0,0,1,,1,0,0,0,0,0,0,AT,Age18_24,COMBA.1,8932664
2021-W33,AT,3005708,0,0,1,,4,0,0,0,0,0,0,AT,Age25_49,COMBA.1,8932664
2021-W33,AT,435176,0,0,0,,0,0,0,0,0,0,0,AT,Age5_9,COMBA.1,8932664
2021-W33,AT,1392642,0,0,0,,1,0,0,0,0,0,0,AT,Age50_59,COMBA.1,8932664
2021-W33,AT,1086320,0,0,2,,0,0,0,0,0,0,0,AT,Age60_69,COMBA.1,8932664
2021-W33,AT,741680,0,0,1,,0,0,0,0,0,0,0,AT,Age70_79,COMBA.1,8932664
2021-W33,AT,524214,0,0,0,,0,0,0,0,0,0,0,AT,Age80+,COMBA.1,8932664
2021-W33,AT,1551690,0,0,0,,1,0,0,0,0,0,0,AT,Age<18,COMBA.1,8932664
2021-W33,AT,7427239,0,0,5,,6,0,0,0,0,0,0,AT,ALL,COMBA.1,8932664
2021-W33,AT,431785,0,0,0,,0,0,0,0,0,0,0,AT,Age0_4,COMBA.4-5,8932664
2021-W33,AT,424628,0,0,0,,0,0,0,0,0,0,0,AT,Age10_14,COMBA.4-5,8932664
2021-W33,AT,260101,0,0,0,,0,0,0,0,0,0,0,AT,Age15_17,COMBA.4-5,8932664
2021-W33,AT,676675,0,0,0,,0,0,0,0,0,0,0,AT,Age18_24,COMBA.4-5,8932664
2021-W33,AT,3005708,0,0,0,,1,0,0,0,0,0,0,AT,Age25_49,COMBA.4-5,8932664
2021-W33,AT,435176,0,0,0,,0,0,0,0,0,0,0,AT,Age5_9,COMBA.4-5,8932664
2021-W33,AT,1392642,0,0,0,,0,0,0,0,0,0,0,AT,Age50_59,COMBA.4-5,8932664
2021-W33,AT,1086320,0,0,0,,1,0,0,0,0,0,0,AT,Age60_69,COMBA.4-5,8932664
2021-W33,AT,741680,0,0,0,,0,0,0,0,0,0,0,AT,Age70_79,COMBA.4-5,8932664
2021-W33,AT,524214,0,0,0,,0,0,0,0,0,0,0,AT,Age80+,COMBA.4-5,8932664
2021-W33,AT,1551690,0,0,0,,0,0,0,0,0,0,0,AT,Age<18,COMBA.4-5,8932664
2021-W33,AT,7427239,0,0,0,,2,0,0,0,0,0,0,AT,ALL,COMBA.4-5,8932664
2021-W33,AT,431785,0,0,0,,0,0,0,0,0,0,0,AT,Age0_4,JANSS,8932664
2021-W33,AT,424628,0,0,10,,0,1,0,0,0,0,0,AT,Age10_14,JANSS,8932664
2022-W04,AT,741680,0,0,0,,0,0,0,0,0,0,0,AT,Age70_79,MODBA.1,8978929
2022-W04,AT,524214,0,0,0,,0,0,0,0,0,0,0,AT,Age80+,MODBA.1,8978929
2022-W04,AT,1551690,0,0,0,,0,0,0,0,0,0,0,AT,Age<18,MODBA.1,8978929
2022-W04,AT,7427239,0,0,0,,0,2,0,0,0,0,0,AT,ALL,MODBA.1,8978929
2022-W04,AT,431785,0,0,0,,0,0,0,0,0,0,0,AT,Age0_4,NVXD,8978929
2022-W04,AT,424628,0,0,0,,0,0,0,0,0,0,0,AT,Age10_14,NVXD,8978929
2022-W04,AT,260101,0,0,0,,0,0,0,0,0,0,0,AT,Age15_17,NVXD,8978929
2022-W04,AT,676675,0,0,0,,0,0,0,0,0,0,0,AT,Age18_24,NVXD,8978929
2022-W04,AT,3005708,0,0,0,,0,0,0,0,0,0,0,AT,Age25_49,NVXD,8978929
2022-W04,AT,435176,0,0,0,,0,0,0,0,0,0,0,AT,Age5_9,NVXD,8978929
2022-W04,AT,1392642,0,0,0,,0,0,0,0,0,0,0,AT,Age50_59,NVXD,8978929
2022-W04,AT,1086320,0,0,0,,0,0,0,0,0,0,0,AT,Age60_69,NVXD,8978929
2022-W04,AT,741680,0,0,0,,0,0,0,0,0,0,0,AT,Age70_79,NVXD,8978929
2022-W04,AT,524214,0,0,0,,0,0,0,0,0,0,0,AT,Age80+,NVXD,8978929
2022-W04,AT,1551690,0,0,0,,0,0,0,0,0,0,0,AT,Age<18,NVXD,8978929
2022-W04,AT,7427239,0,0,0,,0,0,0,0,0,0,0,AT,ALL,NVXD,8978929
2022-W04,AT,431785,0,0,0,,0,0,0,0,0,0,0,AT,Age0_4,SGSK,8978929
2022-W04,AT,424628,0,0,0,,0,0,0,0,0,0,0,AT,Age10_14,SGSK,8978929
2022-W04,AT,260101,0,0,0,,0,0,0,0,0,0,0,AT,Age15_17,SGSK,8978929
2022-W04,AT,676675,0,0,0,,0,0,0,0,0,0,0,AT,Age18_24,SGSK,8978929
2022-W04,AT,3005708,0,0,0,,0,0,0,0,0,0,0,AT,Age25_49,SGSK,8978929
2022-W04,AT,435176,0,0,0,,0,0,0,0,0,0,0,AT,Age5_9,SGSK,8978929
2022-W04,AT,1392642,0,0,0,,0,0,0,0,0,0,0,AT,Age50_59,SGSK,8978929
2022-W04,AT,1086320,0,0,0,,0,0,0,0,0,0,0,AT,Age60_69,SGSK,8978929
2022-W04,AT,741680,0,0,0,,0,0,0,0,0,0,0,AT,Age70_79,SGSK,8978929
2022-W04,AT,524214,0,0,0,,0,0,0,0,0,0,0,AT,Age80+,SGSK,8978929
2022-W04,AT,1551690,0,0,0,,0,0,0,0,0,0,0,AT,Age<18,SGSK,8978929
2022-W04,AT,7427239,0,0,0,,0,0,0,0,0,0,0,AT,ALL,SGSK,8978929
2022-W04,AT,431785,0,0,0,,0,0,0,0,0,0,0,AT,Age0_4,UNK,8978929
2022-W04,AT,424628,0,0,0,,0,0,0,0,0,0,0,AT,Age10_14,UNK,8978929
2022-W04,AT,260101,0,0,0,,0,0,0,0,0,0,0,AT,Age15_17,UNK,8978929
2022-W04,AT,676675,0,0,0,,0,0,0,0,0,0,0,AT,Age18_24,UNK,8978929
2022-W04,AT,3005708,0,0,0,,0,0,0,0,0,0,8,AT,Age25_49,UNK,8978929
2022-W04,AT,435176,0,0,0,,0,0,0,0,0,0,0,AT,Age5_9,UNK,8978929
2022-W04,AT,1392642,0,0,0,,0,0,0,0,0,0,4,AT,Age50_59,UNK,8978929
2022-W04,AT,1086320,0,0,0,,0,0,0,0,0,0,6,AT,Age60_69,UNK,8978929
2022-W04,AT,741680,0,0,0,,0,0,0,0,0,0,1,AT,Age70_79,UNK,8978929
2022-W04,AT,524214,0,0,0,,0,0,0,0,0,0,2,AT,Age80+,UNK,8978929
2022-W04,AT,1551690,0,0,0,,0,0,0,0,0,0,0,AT,Age<18,UNK,8978929
2022-W04,AT,7427239,0,0,0,,0,0,0,0,0,0,21,AT,ALL,UNK,8978929
2022-W04,AT,431785,0,0,0,,0,0,0,0,0,0,0,AT,Age0_4,VLA,8978929
2022-W04,AT,424628,0,0,0,,0,0,0,0,0,0,0,AT,Age10_14,VLA,8978929
2022-W04,AT,260101,0,0,0,,0,0,0,0,0,0,0,AT,Age15_17,VLA,8978929
2022-W04,AT,676675,0,0,0,,0,0,0,0,0,0,0,AT,Age18_24,VLA,8978929
2022-W04,AT,3005708,0,0,0,,0,0,0,0,0,0,0,AT,Age25_49,VLA,8978929
2022-W04,AT,435176,0,0,0,,0,0,0,0,0,0,0,AT,Age5_9,VLA,8978929
2022-W04,AT,1392642,0,0,0,,0,0,0,0,0,0,0,AT,Age50_59,VLA,8978929
2022-W02,AT,260101,0,0,0,,0,0,0,0,0,0,0,AT,Age15_17,MODBA.1,8978929
2022-W02,AT,676675,0,0,0,,0,0,0,0,0,0,0,AT,Age18_24,MODBA.1,8978929
2022-W02,AT,3005708,0,0,2,,0,0,0,0,0,0,0,AT,Age25_49,MODBA.1,8978929
2021-W11,AT,524214,0,0,1,,2,0,0,0,0,0,0,AT,Age80+,COMBA.4-5,8932664
2021-W11,AT,741680,0,0,0,,0,0,0,0,0,0,0,AT,Age70_79,COMBA.4-5,8932664
2021-W11,AT,1086320,0,0,0,,0,0,0,0,0,0,0,AT,Age60_69,COMBA.4-5,8932664
2021-W11,AT,1392642,0,0,0,,0,0,0,0,0,0,0,AT,Age50_59,COMBA.4-5,8932664
2021-W11,AT,435176,0,0,0,,0,0,0,0,0,0,0,AT,Age5_9,COMBA.4-5,8932664
2021-W11,AT,3005708,0,0,0,,0,0,0,0,0,0,0,AT,Age25_49,COMBA.4-5,8932664
2021-W11,AT,676675,0,0,0,,0,0,0,0,0,0,0,AT,Age18_24,COMBA.4-5,8932664
2021-W11,AT,260101,0,0,0,,0,0,0,0,0,0,0,AT,Age15_17,COMBA.4-5,8932664
2021-W11,AT,424628,0,0,0,,0,0,0,0,0,0,0,AT,Age10_14,COMBA.4-5,8932664
2021-W11,AT,431785,0,0,0,,0,0,0,0,0,0,0,AT,Age0_4,COMBA.4-5,8932664
2021-W11,AT,7427239,0,0,3,,4,0,0,0,0,0,0,AT,ALL,COMBA.1,8932664
2021-W11,AT,1551690,0,0,0,,0,0,0,0,0,0,0,AT,Age<18,COMBA.1,8932664
2021-W11,AT,524214,0,0,1,,3,0,0,0,0,0,0,AT,Age80+,COMBA.1,8932664
2021-W33,AT,260101,0,0,26,,0,0,0,0,0,0,0,AT,Age15_17,JANSS,8932664
2021-W11,AT,741680,0,0,0,,0,0,0,0,0,0,0,AT,Age70_79,COMBA.1,8932664
2021-W11,AT,1086320,0,0,0,,0,0,0,0,0,0,0,AT,Age60_69,COMBA.1,8932664
2021-W11,AT,1392642,0,0,0,,0,0,0,0,0,0,0,AT,Age50_59,COMBA.1,8932664
2021-W11,AT,435176,0,0,0,,0,0,0,0,0,0,0,AT,Age5_9,COMBA.1,8932664
2021-W11,AT,3005708,0,0,2,,1,0,0,0,0,0,0,AT,Age25_49,COMBA.1,8932664
2021-W11,AT,676675,0,0,0,,0,0,0,0,0,0,0,AT,Age18_24,COMBA.1,8932664
2021-W11,AT,260101,0,0,0,,0,0,0,0,0,0,0,AT,Age15_17,COMBA.1,8932664
2021-W11,AT,424628,0,0,0,,0,0,0,0,0,0,0,AT,Age10_14,COMBA.1,8932664
2021-W11,AT,431785,0,0,0,,0,0,0,0,0,0,0,AT,Age0_4,COMBA.1,8932664
2021-W11,AT,7427239,93600,0,89942,,43956,9,0,0,0,0,0,AT,ALL,COM,8932664
2021-W11,AT,1551690,0,0,161,,25,0,0,0,0,0,0,AT,Age<18,COM,8932664
2021-W11,AT,524214,0,0,35923,,34859,3,0,0,0,0,0,AT,Age80+,COM,8932664
2021-W33,AT,676675,0,0,1898,,6,1,0,0,0,0,0,AT,Age18_24,JANSS,8932664
2021-W11,AT,741680,0,0,27338,,2589,0,0,0,0,0,0,AT,Age70_79,COM,8932664
2021-W11,AT,1086320,0,0,12242,,2043,1,0,0,0,0,0,AT,Age60_69,COM,8932664
2021-W11,AT,1392642,0,0,6203,,1793,1,0,0,0,0,0,AT,Age50_59,COM,8932664
2021-W11,AT,435176,0,0,0,,1,0,0,0,0,0,0,AT,Age5_9,COM,8932664
2021-W11,AT,3005708,0,0,7093,,2392,4,0,0,0,0,0,AT,Age25_49,COM,8932664
2021-W11,AT,676675,0,0,1143,,280,0,0,0,0,0,0,AT,Age18_24,COM,8932664
2021-W11,AT,260101,0,0,157,,22,0,0,0,0,0,0,AT,Age15_17,COM,8932664
2021-W11,AT,424628,0,0,3,,2,0,0,0,0,0,0,AT,Age10_14,COM,8932664
2021-W11,AT,431785,0,0,1,,0,0,0,0,0,0,0,AT,Age0_4,COM,8932664
2021-W11,AT,7427239,19200,0,73745,,21,0,0,0,0,0,0,AT,ALL,AZ,8932664
2021-W11,AT,1551690,0,0,18,,0,0,0,0,0,0,0,AT,Age<18,AZ,8932664
2021-W13,AT,424628,0,0,0,,0,0,0,0,0,0,0,AT,Age10_14,COMBA.1,8932664
2021-W33,AT,3005708,0,0,6829,,17,15,2,0,0,0,0,AT,Age25_49,JANSS,8932664
2021-W13,AT,431785,0,0,0,,0,0,0,0,0,0,0,AT,Age0_4,COMBA.1,8932664
2021-W13,AT,7427239,128700,0,75060,,75033,6,0,0,0,0,0,AT,ALL,COM,8932664
2021-W13,AT,1551690,0,0,72,,61,0,0,0,0,0,0,AT,Age<18,COM,8932664
2021-W13,AT,524214,0,0,23409,,51557,2,0,0,0,0,0,AT,Age80+,COM,8932664
2021-W13,AT,741680,0,0,33172,,9648,3,0,0,0,0,0,AT,Age70_79,COM,8932664
2021-W13,AT,1086320,0,0,7412,,5656,0,0,0,0,0,0,AT,Age60_69,COM,8932664
2021-W13,AT,1392642,0,0,4818,,3335,0,0,0,0,0,0,AT,Age50_59,COM,8932664
2021-W13,AT,435176,0,0,1,,0,0,0,0,0,0,0,AT,Age5_9,COM,8932664
2021-W13,AT,3005708,0,0,5479,,4165,1,0,0,0,0,0,AT,Age25_49,COM,8932664
2021-W13,AT,676675,0,0,770,,672,0,0,0,0,0,0,AT,Age18_24,COM,8932664
2021-W13,AT,260101,0,0,66,,60,0,0,0,0,0,0,AT,Age15_17,COM,8932664
2021-W13,AT,424628,0,0,3,,1,0,0,0,0,0,0,AT,Age10_14,COM,8932664
2021-W33,AT,435176,0,0,0,,0,0,0,0,0,0,0,AT,Age5_9,JANSS,8932664
2021-W33,AT,1392642,0,0,2547,,7,13,0,0,0,0,0,AT,Age50_59,JANSS,8932664
2021-W33,AT,1086320,0,0,1358,,0,20,0,0,0,0,0,AT,Age60_69,JANSS,8932664
2021-W33,AT,741680,0,0,692,,2,21,0,0,0,0,0,AT,Age70_79,JANSS,8932664
2022-W22,AT,424628,0,0,0,,0,0,0,0,0,0,0,AT,Age10_14,JANSS,8978929
2021-W33,AT,524214,0,0,384,,4,5,0,0,0,0,0,AT,Age80+,JANSS,8932664
2021-W33,AT,1551690,0,0,36,,0,1,0,0,0,0,0,AT,Age<18,JANSS,8932664
2021-W33,AT,7427239,0,0,13708,,36,75,2,0,0,0,0,AT,ALL,JANSS,8932664
2021-W33,AT,431785,0,0,0,,0,0,0,0,0,0,0,AT,Age0_4,MOD,8932664
2021-W33,AT,424628,0,0,87,,11,0,0,0,0,0,0,AT,Age10_14,MOD,8932664
2021-W33,AT,260101,0,0,112,,9,0,0,0,0,0,0,AT,Age15_17,MOD,8932664
2021-W33,AT,676675,0,0,249,,1455,1,0,0,0,0,0,AT,Age18_24,MOD,8932664
2021-W33,AT,3005708,0,0,797,,7200,23,0,0,0,0,0,AT,Age25_49,MOD,8932664
2021-W33,AT,435176,0,0,0,,0,0,0,0,0,0,0,AT,Age5_9,MOD,8932664
2021-W33,AT,1392642,0,0,225,,2381,16,0,0,0,0,0,AT,Age50_59,MOD,8932664
2021-W13,AT,431785,0,0,2,,0,0,0,0,0,0,0,AT,Age0_4,COM,8932664
2021-W13,AT,7427239,199200,0,38846,,91,3,0,0,0,0,0,AT,ALL,AZ,8932664
2021-W13,AT,1551690,0,0,11,,0,0,0,0,0,0,0,AT,Age<18,AZ,8932664
2021-W13,AT,524214,0,0,4490,,12,1,0,0,0,0,0,AT,Age80+,AZ,8932664
2021-W13,AT,741680,0,0,9849,,5,0,0,0,0,0,0,AT,Age70_79,AZ,8932664
2021-W13,AT,1086320,0,0,6686,,15,1,0,0,0,0,0,AT,Age60_69,AZ,8932664
2021-W13,AT,1392642,0,0,7165,,18,0,0,0,0,0,0,AT,Age50_59,AZ,8932664
2021-W13,AT,435176,0,0,1,,0,0,0,0,0,0,0,AT,Age5_9,AZ,8932664
2021-W33,AT,1086320,0,0,123,,1101,18,0,0,0,0,0,AT,Age60_69,MOD,8932664
2021-W13,AT,3005708,0,0,9337,,28,1,0,0,0,0,0,AT,Age25_49,AZ,8932664
2021-W13,AT,676675,0,0,1319,,13,0,0,0,0,0,0,AT,Age18_24,AZ,8932664
2021-W13,AT,260101,0,0,8,,0,0,0,0,0,0,0,AT,Age15_17,AZ,8932664
2021-W13,AT,424628,0,0,2,,0,0,0,0,0,0,0,AT,Age10_14,AZ,8932664
2021-W13,AT,431785,0,0,0,,0,0,0,0,0,0,0,AT,Age0_4,AZ,8932664
2021-W12,AT,7427239,0,0,0,,0,0,0,0,0,0,0,AT,ALL,VLA,8932664
2021-W12,AT,1551690,0,0,0,,0,0,0,0,0,0,0,AT,Age<18,VLA,8932664
2021-W12,AT,524214,0,0,0,,0,0,0,0,0,0,0,AT,Age80+,VLA,8932664
2021-W12,AT,741680,0,0,0,,0,0,0,0,0,0,0,AT,Age70_79,VLA,8932664
2021-W12,AT,1086320,0,0,0,,0,0,0,0,0,0,0,AT,Age60_69,VLA,8932664
2021-W12,AT,1392642,0,0,0,,0,0,0,0,0,0,0,AT,Age50_59,VLA,8932664
2021-W12,AT,435176,0,0,0,,0,0,0,0,0,0,0,AT,Age5_9,VLA,8932664
2021-W12,AT,3005708,0,0,0,,0,0,0,0,0,0,0,AT,Age25_49,VLA,8932664
2021-W33,AT,741680,0,0,73,,427,25,0,0,0,0,0,AT,Age70_79,MOD,8932664
2021-W33,AT,524214,0,0,36,,163,12,0,0,0,0,0,AT,Age80+,MOD,8932664
2021-W12,AT,676675,0,0,0,,0,0,0,0,0,0,0,AT,Age18_24,VLA,8932664
2021-W12,AT,260101,0,0,0,,0,0,0,0,0,0,0,AT,Age15_17,VLA,8932664
2021-W12,AT,424628,0,0,0,,0,0,0,0,0,0,0,AT,Age10_14,VLA,8932664
2021-W12,AT,431785,0,0,0,,0,0,0,0,0,0,0,AT,Age0_4,VLA,8932664
2021-W12,AT,7427239,0,0,0,,0,0,0,0,0,0,220,AT,ALL,UNK,8932664
2021-W12,AT,1551690,0,0,0,,0,0,0,0,0,0,0,AT,Age<18,UNK,8932664
2023-W19,AT,741680,0,0,0,,0,0,14,30,0,0,0,AT,Age70_79,COM,8978929
2021-W46,AT,435176,0,0,0,,0,0,0,0,0,0,0,AT,Age5_9,NVXD,8932664
2023-W19,AT,1086320,0,0,2,,0,2,16,29,0,0,0,AT,Age60_69,COM,8978929
2023-W19,AT,1392642,0,0,1,,1,3,21,11,0,0,0,AT,Age50_59,COM,8978929
2023-W19,AT,435176,0,0,0,,0,3,2,0,0,0,0,AT,Age5_9,COM,8978929
2023-W19,AT,3005708,0,0,2,,4,2,14,5,0,0,0,AT,Age25_49,COM,8978929
2023-W19,AT,676675,0,0,0,,1,5,3,0,0,0,0,AT,Age18_24,COM,8978929
2022-W04,AT,1086320,0,0,0,,0,0,0,0,0,0,0,AT,Age60_69,MODBA.1,8978929
2022-W04,AT,1392642,0,0,0,,0,0,0,0,0,0,0,AT,Age50_59,MODBA.1,8978929
2022-W04,AT,435176,0,0,0,,0,0,0,0,0,0,0,AT,Age5_9,MODBA.1,8978929
2022-W04,AT,3005708,0,0,0,,0,2,0,0,0,0,0,AT,Age25_49,MODBA.1,8978929
2022-W04,AT,676675,0,0,0,,0,0,0,0,0,0,0,AT,Age18_24,MODBA.1,8978929
2022-W04,AT,260101,0,0,0,,0,0,0,0,0,0,0,AT,Age15_17,MODBA.1,8978929
2022-W04,AT,424628,0,0,0,,0,0,0,0,0,0,0,AT,Age10_14,MODBA.1,8978929
2022-W19,AT,260101,0,0,65,,139,594,4,0,0,0,0,AT,Age15_17,COM,8978929
2022-W04,AT,431785,0,0,0,,0,0,0,0,0,0,0,AT,Age0_4,MODBA.1,8978929
2022-W04,AT,7427239,120200,1200,710,,1158,9847,137,5,0,0,0,AT,ALL,MOD,8978929
2022-W04,AT,1551690,0,0,9,,7,21,0,0,0,0,0,AT,Age<18,MOD,8978929
2022-W04,AT,524214,0,0,61,,100,147,14,1,0,0,0,AT,Age80+,MOD,8978929
2022-W15,AT,260101,0,0,0,,0,0,0,0,0,0,0,AT,Age15_17,COMBA.1,8978929
2022-W15,AT,424628,0,0,0,,0,0,0,0,0,0,0,AT,Age10_14,COMBA.1,8978929
2022-W15,AT,431785,0,0,0,,0,0,0,0,0,0,0,AT,Age0_4,COMBA.1,8978929
2022-W15,AT,7427239,833850,0,578,,1256,9753,3806,7,0,0,0,AT,ALL,COM,8978929
2022-W04,AT,741680,0,0,44,,84,400,19,0,0,0,0,AT,Age70_79,MOD,8978929
2022-W04,AT,1086320,0,0,98,,171,986,19,2,0,0,0,AT,Age60_69,MOD,8978929
2022-W04,AT,1392642,0,0,143,,227,2593,29,0,0,0,0,AT,Age50_59,MOD,8978929
2022-W04,AT,435176,0,0,1,,2,0,0,0,0,0,0,AT,Age5_9,MOD,8978929
2022-W04,AT,3005708,0,0,322,,545,5569,54,2,0,0,0,AT,Age25_49,MOD,8978929
2022-W04,AT,676675,0,0,42,,31,152,2,0,0,0,0,AT,Age18_24,MOD,8978929
2022-W04,AT,260101,0,0,4,,2,17,0,0,0,0,0,AT,Age15_17,MOD,8978929
2022-W04,AT,424628,0,0,3,,3,4,0,0,0,0,0,AT,Age10_14,MOD,8978929
2022-W04,AT,431785,0,0,1,,0,0,0,0,0,0,0,AT,Age0_4,MOD,8978929
2023-W02,AT,3005708,0,0,9,,5,2,7,0,0,0,0,AT,Age25_49,VLA,8978929
2023-W02,AT,435176,0,0,0,,0,0,0,0,0,0,0,AT,Age5_9,VLA,8978929
2022-W04,AT,7427239,0,0,91,,10,198,6,0,0,0,0,AT,ALL,JANSS,8978929
2022-W04,AT,1551690,0,0,1,,0,1,0,0,0,0,0,AT,Age<18,JANSS,8978929
2022-W04,AT,524214,0,0,5,,1,3,0,0,0,0,0,AT,Age80+,JANSS,8978929
2022-W03,AT,676675,0,0,0,,0,0,0,0,0,0,0,AT,Age18_24,NVXD,8978929
2022-W03,AT,3005708,0,0,0,,0,0,0,0,0,0,0,AT,Age25_49,NVXD,8978929
2022-W03,AT,435176,0,0,0,,0,0,0,0,0,0,0,AT,Age5_9,NVXD,8978929
2022-W03,AT,1392642,0,0,0,,0,0,0,0,0,0,0,AT,Age50_59,NVXD,8978929
2022-W03,AT,1086320,0,0,0,,0,0,0,0,0,0,0,AT,Age60_69,NVXD,8978929
2022-W03,AT,741680,0,0,0,,0,0,0,0,0,0,0,AT,Age70_79,NVXD,8978929
2022-W03,AT,524214,0,0,0,,0,0,0,0,0,0,0,AT,Age80+,NVXD,8978929
2022-W03,AT,1551690,0,0,0,,0,0,0,0,0,0,0,AT,Age<18,NVXD,8978929
2022-W03,AT,7427239,0,0,0,,0,0,0,0,0,0,0,AT,ALL,NVXD,8978929
2022-W01,AT,741680,0,0,0,,0,0,0,0,0,0,0,AT,Age70_79,COMBA.4-5,8978929
2022-W01,AT,524214,0,0,0,,0,0,0,0,0,0,0,AT,Age80+,COMBA.4-5,8978929
2022-W01,AT,1551690,0,0,0,,0,1,0,0,0,0,0,AT,Age<18,COMBA.4-5,8978929
2022-W01,AT,7427239,0,0,1,,1,0,0,0,0,0,0,AT,ALL,COMBA.4-5,8978929
2022-W01,AT,431785,0,0,0,,0,0,0,0,0,0,0,AT,Age0_4,JANSS,8978929
2022-W01,AT,424628,0,0,2,,0,1,0,0,0,0,0,AT,Age10_14,JANSS,8978929
2022-W01,AT,260101,0,0,1,,0,5,0,0,0,0,0,AT,Age15_17,JANSS,8978929
2022-W01,AT,676675,0,0,19,,2,155,1,0,0,0,0,AT,Age18_24,JANSS,8978929
2022-W01,AT,3005708,0,0,82,,4,667,1,0,0,0,0,AT,Age25_49,JANSS,8978929
2022-W01,AT,435176,0,0,0,,0,0,0,0,0,0,0,AT,Age5_9,JANSS,8978929
2022-W01,AT,1392642,0,0,16,,2,207,0,0,0,0,0,AT,Age50_59,JANSS,8978929
2022-W01,AT,1086320,0,0,11,,1,80,1,0,0,0,0,AT,Age60_69,JANSS,8978929
2022-W01,AT,741680,0,0,5,,0,32,0,1,0,0,0,AT,Age70_79,JANSS,8978929
2022-W01,AT,524214,0,0,4,,0,5,0,0,0,0,0,AT,Age80+,JANSS,8978929
2022-W01,AT,1551690,0,0,3,,0,6,0,0,0,0,0,AT,Age<18,JANSS,8978929
2022-W01,AT,7427239,0,0,137,,9,1146,3,1,0,0,0,AT,ALL,JANSS,8978929
2022-W01,AT,431785,0,0,0,,0,0,0,0,0,0,0,AT,Age0_4,MOD,8978929
2022-W01,AT,424628,0,0,10,,17,5,0,0,0,0,0,AT,Age10_14,MOD,8978929
2022-W01,AT,260101,0,0,5,,6,25,0,0,0,0,0,AT,Age15_17,MOD,8978929
2022-W01,AT,676675,0,0,19,,27,207,2,0,0,0,0,AT,Age18_24,MOD,8978929
2022-W01,AT,3005708,0,0,410,,1052,9654,47,3,0,0,0,AT,Age25_49,MOD,8978929
2022-W01,AT,435176,0,0,5,,10,0,0,0,0,0,0,AT,Age5_9,MOD,8978929
2022-W01,AT,1392642,0,0,149,,445,5890,43,1,0,0,0,AT,Age50_59,MOD,8978929
2022-W01,AT,1086320,0,0,90,,328,3503,32,0,0,0,0,AT,Age60_69,MOD,8978929
2022-W01,AT,741680,0,0,57,,168,898,28,0,0,0,0,AT,Age70_79,MOD,8978929
2022-W01,AT,524214,0,0,86,,164,319,6,1,0,0,0,AT,Age80+,MOD,8978929
2022-W01,AT,1551690,0,0,20,,33,30,0,0,0,0,0,AT,Age<18,MOD,8978929
2022-W01,AT,7427239,57600,0,811,,2184,20471,158,5,0,0,0,AT,ALL,MOD,8978929
2022-W01,AT,431785,0,0,0,,0,0,0,0,0,0,0,AT,Age0_4,MODBA.1,8978929
2022-W01,AT,424628,0,0,0,,0,0,0,0,0,0,0,AT,Age10_14,MODBA.1,8978929
2022-W01,AT,260101,0,0,0,,0,0,0,0,0,0,0,AT,Age15_17,MODBA.1,8978929
2022-W01,AT,676675,0,0,0,,0,0,0,0,0,0,0,AT,Age18_24,MODBA.1,8978929
2022-W01,AT,3005708,0,0,0,,0,6,0,0,0,0,0,AT,Age25_49,MODBA.1,8978929
2022-W01,AT,435176,0,0,0,,0,0,0,0,0,0,0,AT,Age5_9,MODBA.1,8978929
2022-W01,AT,1392642,0,0,0,,0,2,0,0,0,0,0,AT,Age50_59,MODBA.1,8978929
2022-W01,AT,1086320,0,0,0,,0,0,0,0,0,0,0,AT,Age60_69,MODBA.1,8978929
2022-W01,AT,741680,0,0,0,,0,0,0,0,0,0,0,AT,Age70_79,MODBA.1,8978929
2022-W01,AT,524214,0,0,0,,0,0,0,0,0,0,0,AT,Age80+,MODBA.1,8978929
2022-W01,AT,1551690,0,0,0,,0,0,0,0,0,0,0,AT,Age<18,MODBA.1,8978929
2022-W01,AT,7427239,0,0,0,,0,8,0,0,0,0,0,AT,ALL,MODBA.1,8978929
2022-W01,AT,431785,0,0,0,,0,0,0,0,0,0,0,AT,Age0_4,NVXD,8978929
2022-W04,AT,741680,0,0,1,,2,9,1,0,0,0,0,AT,Age70_79,JANSS,8978929
2022-W04,AT,1086320,0,0,5,,0,33,1,0,0,0,0,AT,Age60_69,JANSS,8978929
2022-W04,AT,1392642,0,0,15,,2,35,2,0,0,0,0,AT,Age50_59,JANSS,8978929
2022-W04,AT,435176,0,0,0,,0,0,0,0,0,0,0,AT,Age5_9,JANSS,8978929
2022-W04,AT,3005708,0,0,57,,4,97,2,0,0,0,0,AT,Age25_49,JANSS,8978929
2022-W04,AT,676675,0,0,8,,1,21,0,0,0,0,0,AT,Age18_24,JANSS,8978929
2023-W19,AT,260101,0,0,0,,0,2,2,0,0,0,0,AT,Age15_17,COM,8978929
2023-W19,AT,424628,0,0,1,,0,2,2,0,0,0,0,AT,Age10_14,COM,8978929
2023-W19,AT,431785,0,0,4,,10,10,0,0,0,0,0,AT,Age0_4,COM,8978929
2023-W19,AT,7427239,0,0,0,,0,0,0,0,0,0,0,AT,ALL,AZ,8978929
2023-W19,AT,1551690,0,0,0,,0,0,0,0,0,0,0,AT,Age<18,AZ,8978929
2023-W19,AT,524214,0,0,0,,0,0,0,0,0,0,0,AT,Age80+,AZ,8978929
2023-W19,AT,741680,0,0,0,,0,0,0,0,0,0,0,AT,Age70_79,AZ,8978929
2023-W19,AT,1086320,0,0,0,,0,0,0,0,0,0,0,AT,Age60_69,AZ,8978929
2023-W19,AT,1392642,0,0,0,,0,0,0,0,0,0,0,AT,Age50_59,AZ,8978929
2023-W19,AT,435176,0,0,0,,0,0,0,0,0,0,0,AT,Age5_9,AZ,8978929
2023-W19,AT,3005708,0,0,0,,0,0,0,0,0,0,0,AT,Age25_49,AZ,8978929
2023-W19,AT,676675,0,0,0,,0,0,0,0,0,0,0,AT,Age18_24,AZ,8978929
2023-W19,AT,260101,0,0,0,,0,0,0,0,0,0,0,AT,Age15_17,AZ,8978929
2023-W19,AT,424628,0,0,0,,0,0,0,0,0,0,0,AT,Age10_14,AZ,8978929
2023-W19,AT,431785,0,0,0,,0,0,0,0,0,0,0,AT,Age0_4,AZ,8978929
2023-W18,AT,7427239,0,0,1,,0,4,0,1,0,0,0,AT,ALL,VLA,8978929
2023-W18,AT,1551690,0,0,0,,0,0,0,0,0,0,0,AT,Age<18,VLA,8978929
2023-W18,AT,524214,0,0,0,,0,0,0,0,0,0,0,AT,Age80+,VLA,8978929
2023-W02,AT,1392642,0,0,0,,0,1,3,0,0,0,0,AT,Age50_59,VLA,8978929
2023-W18,AT,741680,0,0,0,,0,0,0,0,0,0,0,AT,Age70_79,VLA,8978929
2023-W18,AT,1086320,0,0,0,,0,1,0,1,0,0,0,AT,Age60_69,VLA,8978929
2023-W18,AT,1392642,0,0,0,,0,1,0,0,0,0,0,AT,Age50_59,VLA,8978929
2023-W18,AT,435176,0,0,0,,0,0,0,0,0,0,0,AT,Age5_9,VLA,8978929
2023-W18,AT,3005708,0,0,1,,0,1,0,0,0,0,0,AT,Age25_49,VLA,8978929
2023-W18,AT,676675,0,0,0,,0,1,0,0,0,0,0,AT,Age18_24,VLA,8978929
2023-W18,AT,260101,0,0,0,,0,0,0,0,0,0,0,AT,Age15_17,VLA,8978929
2023-W18,AT,424628,0,0,0,,0,0,0,0,0,0,0,AT,Age10_14,VLA,8978929
2023-W18,AT,431785,0,0,0,,0,0,0,0,0,0,0,AT,Age0_4,VLA,8978929
2023-W18,AT,7427239,0,0,0,,0,0,0,0,0,0,0,AT,ALL,UNK,8978929
2023-W18,AT,1551690,0,0,0,,0,0,0,0,0,0,0,AT,Age<18,UNK,8978929
2023-W18,AT,524214,0,0,0,,0,0,0,0,0,0,0,AT,Age80+,UNK,8978929
2023-W02,AT,676675,0,0,0,,1,0,1,2,0,0,0,AT,Age18_24,MOD,8978929
2023-W18,AT,741680,0,0,0,,0,0,0,0,0,0,0,AT,Age70_79,UNK,8978929
2023-W18,AT,1086320,0,0,0,,0,0,0,0,0,0,0,AT,Age60_69,UNK,8978929
2023-W18,AT,1392642,0,0,0,,0,0,0,0,0,0,0,AT,Age50_59,UNK,8978929
2023-W18,AT,435176,0,0,0,,0,0,0,0,0,0,0,AT,Age5_9,UNK,8978929
2023-W18,AT,3005708,0,0,0,,0,0,0,0,0,0,0,AT,Age25_49,UNK,8978929
2023-W18,AT,676675,0,0,0,,0,0,0,0,0,0,0,AT,Age18_24,UNK,8978929
2023-W18,AT,260101,0,0,0,,0,0,0,0,0,0,0,AT,Age15_17,UNK,8978929
2023-W18,AT,424628,0,0,0,,0,0,0,0,0,0,0,AT,Age10_14,UNK,8978929
2023-W18,AT,431785,0,0,0,,0,0,0,0,0,0,0,AT,Age0_4,UNK,8978929
2023-W18,AT,7427239,0,0,0,,0,0,0,0,0,0,0,AT,ALL,SGSK,8978929
2023-W18,AT,1551690,0,0,0,,0,0,0,0,0,0,0,AT,Age<18,SGSK,8978929
2023-W18,AT,524214,0,0,0,,0,0,0,0,0,0,0,AT,Age80+,SGSK,8978929
2023-W18,AT,741680,0,0,0,,0,0,0,0,0,0,0,AT,Age70_79,SGSK,8978929
2023-W18,AT,1086320,0,0,0,,0,0,0,0,0,0,0,AT,Age60_69,SGSK,8978929
2023-W18,AT,1392642,0,0,0,,0,0,0,0,0,0,0,AT,Age50_59,SGSK,8978929
2023-W18,AT,435176,0,0,0,,0,0,0,0,0,0,0,AT,Age5_9,SGSK,8978929
2022-W22,AT,260101,0,0,0,,0,0,0,0,0,0,0,AT,Age15_17,JANSS,8978929
2023-W02,AT,260101,0,0,0,,0,0,1,0,0,0,0,AT,Age15_17,MOD,8978929
2023-W02,AT,424628,0,0,0,,0,1,0,0,0,0,0,AT,Age10_14,MOD,8978929
2023-W18,AT,3005708,0,0,0,,0,0,0,0,0,0,0,AT,Age25_49,SGSK,8978929
2023-W02,AT,1086320,0,0,0,,0,0,1,2,0,0,0,AT,Age60_69,VLA,8978929
2023-W02,AT,741680,0,0,0,,0,0,1,1,0,0,0,AT,Age70_79,VLA,8978929
2023-W18,AT,676675,0,0,0,,0,0,0,0,0,0,0,AT,Age18_24,SGSK,8978929
2023-W02,AT,524214,0,0,0,,0,0,0,0,0,0,0,AT,Age80+,VLA,8978929
2021-W40,AT,7427239,0,0,0,,0,0,0,0,0,0,0,AT,ALL,NVXD,8932664
2023-W02,AT,1551690,0,0,0,,0,0,0,0,0,0,0,AT,Age<18,VLA,8978929
2023-W02,AT,7427239,0,0,9,,7,3,12,3,0,0,0,AT,ALL,VLA,8978929
2023-W03,AT,431785,0,0,0,,0,0,0,0,0,0,0,AT,Age0_4,AZ,8978929
2023-W03,AT,424628,0,0,0,,0,0,0,0,0,0,0,AT,Age10_14,AZ,8978929
2023-W18,AT,260101,0,0,0,,0,0,0,0,0,0,0,AT,Age15_17,SGSK,8978929
2023-W18,AT,424628,0,0,0,,0,0,0,0,0,0,0,AT,Age10_14,SGSK,8978929
2023-W18,AT,431785,0,0,0,,0,0,0,0,0,0,0,AT,Age0_4,SGSK,8978929
2022-W22,AT,676675,0,0,0,,0,1,0,0,0,0,0,AT,Age18_24,JANSS,8978929
2023-W18,AT,7427239,0,0,0,,0,3,3,0,0,0,0,AT,ALL,NVXD,8978929
2023-W18,AT,1551690,0,0,0,,0,0,0,0,0,0,0,AT,Age<18,NVXD,8978929
2023-W03,AT,260101,0,0,0,,0,0,0,0,0,0,0,AT,Age15_17,AZ,8978929
2023-W03,AT,676675,0,0,0,,0,0,1,0,0,0,0,AT,Age18_24,AZ,8978929
2023-W03,AT,3005708,0,0,0,,0,0,0,0,0,0,0,AT,Age25_49,AZ,8978929
2023-W03,AT,435176,0,0,0,,0,0,0,0,0,0,0,AT,Age5_9,AZ,8978929
2023-W03,AT,1392642,0,0,0,,0,0,2,0,0,0,0,AT,Age50_59,AZ,8978929
2023-W03,AT,1086320,0,0,0,,0,0,0,0,0,0,0,AT,Age60_69,AZ,8978929
2023-W03,AT,1551690,0,0,70,,93,62,43,3,0,0,0,AT,Age<18,COM,8978929
2023-W03,AT,7427239,0,0,31,,43,69,1604,291,0,0,0,AT,ALL,COM,8978929
2021-W40,AT,431785,0,0,0,,0,0,0,0,0,0,0,AT,Age0_4,SGSK,8932664
2021-W40,AT,424628,0,0,0,,0,0,0,0,0,0,0,AT,Age10_14,SGSK,8932664
2021-W40,AT,260101,0,0,0,,0,0,0,0,0,0,0,AT,Age15_17,SGSK,8932664
2021-W40,AT,676675,0,0,0,,0,0,0,0,0,0,0,AT,Age18_24,SGSK,8932664
2021-W40,AT,3005708,0,0,0,,0,0,0,0,0,0,0,AT,Age25_49,SGSK,8932664
2021-W40,AT,435176,0,0,0,,0,0,0,0,0,0,0,AT,Age5_9,SGSK,8932664
2021-W40,AT,1392642,0,0,0,,0,0,0,0,0,0,0,AT,Age50_59,SGSK,8932664
2021-W40,AT,1086320,0,0,0,,0,0,0,0,0,0,0,AT,Age60_69,SGSK,8932664
2021-W40,AT,741680,0,0,0,,0,0,0,0,0,0,0,AT,Age70_79,SGSK,8932664
2021-W40,AT,524214,0,0,0,,0,0,0,0,0,0,0,AT,Age80+,SGSK,8932664
2021-W40,AT,1551690,0,0,0,,0,0,0,0,0,0,0,AT,Age<18,SGSK,8932664
2021-W40,AT,7427239,0,0,0,,0,0,0,0,0,0,0,AT,ALL,SGSK,8932664
2021-W40,AT,431785,0,0,0,,0,0,0,0,0,0,0,AT,Age0_4,UNK,8932664
2021-W40,AT,424628,0,0,0,,0,0,0,0,0,0,0,AT,Age10_14,UNK,8932664
2021-W40,AT,260101,0,0,0,,0,0,0,0,0,0,1,AT,Age15_17,UNK,8932664
2021-W40,AT,676675,0,0,0,,0,0,0,0,0,0,5,AT,Age18_24,UNK,8932664
2021-W40,AT,3005708,0,0,0,,0,0,0,0,0,0,25,AT,Age25_49,UNK,8932664
2021-W40,AT,435176,0,0,0,,0,0,0,0,0,0,0,AT,Age5_9,UNK,8932664
2021-W40,AT,1392642,0,0,0,,0,0,0,0,0,0,7,AT,Age50_59,UNK,8932664
2021-W40,AT,1086320,0,0,0,,0,0,0,0,0,0,13,AT,Age60_69,UNK,8932664
2021-W40,AT,741680,0,0,0,,0,0,0,0,0,0,10,AT,Age70_79,UNK,8932664
2023-W03,AT,431785,0,0,0,,2,1,0,0,0,0,0,AT,Age0_4,COMBA.1,8978929
2023-W03,AT,424628,0,0,1,,0,0,0,0,0,0,0,AT,Age10_14,COMBA.1,8978929
2023-W03,AT,260101,0,0,0,,0,1,2,1,0,0,0,AT,Age15_17,COMBA.1,8978929
2023-W03,AT,676675,0,0,0,,2,1,7,1,0,0,0,AT,Age18_24,COMBA.1,8978929
2023-W03,AT,3005708,0,0,1,,4,10,40,4,0,0,0,AT,Age25_49,COMBA.1,8978929
2023-W03,AT,435176,0,0,0,,3,2,0,0,0,0,0,AT,Age5_9,COMBA.1,8978929
2022-W01,AT,424628,0,0,0,,0,0,0,0,0,0,0,AT,Age10_14,NVXD,8978929
2022-W01,AT,260101,0,0,0,,0,0,0,0,0,0,0,AT,Age15_17,NVXD,8978929
2022-W01,AT,676675,0,0,0,,0,0,0,0,0,0,0,AT,Age18_24,NVXD,8978929
2022-W01,AT,3005708,0,0,0,,0,0,0,0,0,0,0,AT,Age25_49,NVXD,8978929
2022-W01,AT,435176,0,0,0,,0,0,0,0,0,0,0,AT,Age5_9,NVXD,8978929
2022-W01,AT,1392642,0,0,0,,0,0,0,0,0,0,0,AT,Age50_59,NVXD,8978929
2022-W01,AT,1086320,0,0,0,,0,0,0,0,0,0,0,AT,Age60_69,NVXD,8978929
2022-W01,AT,741680,0,0,0,,0,0,0,0,0,0,0,AT,Age70_79,NVXD,8978929
2022-W01,AT,524214,0,0,0,,0,0,0,0,0,0,0,AT,Age80+,NVXD,8978929
2022-W01,AT,1551690,0,0,0,,0,0,0,0,0,0,0,AT,Age<18,NVXD,8978929
2022-W01,AT,7427239,0,0,0,,0,0,0,0,0,0,0,AT,ALL,NVXD,8978929
2022-W01,AT,431785,0,0,0,,0,0,0,0,0,0,0,AT,Age0_4,SGSK,8978929
2022-W01,AT,424628,0,0,0,,0,0,0,0,0,0,0,AT,Age10_14,SGSK,8978929
2022-W01,AT,260101,0,0,0,,0,0,0,0,0,0,0,AT,Age15_17,SGSK,8978929
2022-W01,AT,676675,0,0,0,,0,0,0,0,0,0,0,AT,Age18_24,SGSK,8978929
2022-W01,AT,3005708,0,0,0,,0,0,0,0,0,0,0,AT,Age25_49,SGSK,8978929
2022-W01,AT,435176,0,0,0,,0,0,0,0,0,0,0,AT,Age5_9,SGSK,8978929
2022-W01,AT,1392642,0,0,0,,0,0,0,0,0,0,0,AT,Age50_59,SGSK,8978929
2022-W01,AT,1086320,0,0,0,,0,0,0,0,0,0,0,AT,Age60_69,SGSK,8978929
2022-W01,AT,741680,0,0,0,,0,0,0,0,0,0,0,AT,Age70_79,SGSK,8978929
2022-W01,AT,524214,0,0,0,,0,0,0,0,0,0,0,AT,Age80+,SGSK,8978929
2022-W01,AT,1551690,0,0,0,,0,0,0,0,0,0,0,AT,Age<18,SGSK,8978929
2022-W01,AT,7427239,0,0,0,,0,0,0,0,0,0,0,AT,ALL,SGSK,8978929
2022-W01,AT,431785,0,0,0,,0,0,0,0,0,0,0,AT,Age0_4,UNK,8978929
2022-W01,AT,424628,0,0,0,,0,0,0,0,0,0,0,AT,Age10_14,UNK,8978929
2022-W01,AT,260101,0,0,0,,0,0,0,0,0,0,1,AT,Age15_17,UNK,8978929
2022-W01,AT,676675,0,0,0,,0,0,0,0,0,0,0,AT,Age18_24,UNK,8978929
2022-W01,AT,3005708,0,0,0,,0,0,0,0,0,0,18,AT,Age25_49,UNK,8978929
2022-W01,AT,435176,0,0,0,,0,0,0,0,0,0,1,AT,Age5_9,UNK,8978929
2022-W01,AT,1392642,0,0,0,,0,0,0,0,0,0,5,AT,Age50_59,UNK,8978929
2022-W01,AT,1086320,0,0,0,,0,0,0,0,0,0,4,AT,Age60_69,UNK,8978929
2022-W01,AT,741680,0,0,0,,0,0,0,0,0,0,2,AT,Age70_79,UNK,8978929
2022-W01,AT,524214,0,0,0,,0,0,0,0,0,0,1,AT,Age80+,UNK,8978929
2022-W01,AT,1551690,0,0,0,,0,0,0,0,0,0,2,AT,Age<18,UNK,8978929
2022-W01,AT,7427239,0,0,0,,0,0,0,0,0,0,30,AT,ALL,UNK,8978929
2022-W01,AT,431785,0,0,0,,0,0,0,0,0,0,0,AT,Age0_4,VLA,8978929
2022-W01,AT,424628,0,0,0,,0,0,0,0,0,0,0,AT,Age10_14,VLA,8978929
2022-W01,AT,260101,0,0,0,,0,0,0,0,0,0,0,AT,Age15_17,VLA,8978929
2022-W01,AT,676675,0,0,0,,0,0,0,0,0,0,0,AT,Age18_24,VLA,8978929
2022-W01,AT,3005708,0,0,0,,0,0,0,0,0,0,0,AT,Age25_49,VLA,8978929
2022-W01,AT,435176,0,0,0,,0,0,0,0,0,0,0,AT,Age5_9,VLA,8978929
2022-W01,AT,1392642,0,0,0,,0,0,0,0,0,0,0,AT,Age50_59,VLA,8978929
2022-W01,AT,1086320,0,0,0,,0,0,0,0,0,0,0,AT,Age60_69,VLA,8978929
2022-W01,AT,741680,0,0,0,,0,0,0,0,0,0,0,AT,Age70_79,VLA,8978929
2022-W01,AT,524214,0,0,0,,0,0,0,0,0,0,0,AT,Age80+,VLA,8978929
2022-W01,AT,1551690,0,0,0,,0,0,0,0,0,0,0,AT,Age<18,VLA,8978929
2022-W22,AT,3005708,0,0,7,,1,3,15,0,0,0,0,AT,Age25_49,JANSS,8978929
2022-W22,AT,435176,0,0,0,,0,0,0,0,0,0,0,AT,Age5_9,JANSS,8978929
2022-W22,AT,1392642,0,0,0,,0,2,12,0,0,0,0,AT,Age50_59,JANSS,8978929
2022-W22,AT,1086320,0,0,0,,0,1,2,0,0,0,0,AT,Age60_69,JANSS,8978929
2022-W22,AT,741680,0,0,0,,0,3,1,0,0,0,0,AT,Age70_79,JANSS,8978929
2022-W22,AT,524214,0,0,0,,0,0,0,0,0,0,0,AT,Age80+,JANSS,8978929
2022-W22,AT,1551690,0,0,0,,0,0,0,0,0,0,0,AT,Age<18,JANSS,8978929
2022-W22,AT,7427239,0,0,7,,1,10,30,0,0,0,0,AT,ALL,JANSS,8978929
2022-W22,AT,431785,0,0,0,,0,0,0,0,0,0,0,AT,Age0_4,MOD,8978929
2022-W22,AT,424628,0,0,0,,0,1,0,0,0,0,0,AT,Age10_14,MOD,8978929
2022-W22,AT,260101,0,0,0,,0,3,0,0,0,0,0,AT,Age15_17,MOD,8978929
2022-W01,AT,7427239,0,0,0,,0,0,0,0,0,0,0,AT,ALL,VLA,8978929
2022-W02,AT,431785,0,0,0,,0,0,0,0,0,0,0,AT,Age0_4,AZ,8978929
2022-W02,AT,424628,0,0,0,,0,0,0,0,0,0,0,AT,Age10_14,AZ,8978929
2022-W02,AT,260101,0,0,0,,1,1,0,0,0,0,0,AT,Age15_17,AZ,8978929
2022-W02,AT,676675,0,0,2,,2,0,0,0,0,0,0,AT,Age18_24,AZ,8978929
2022-W02,AT,3005708,0,0,0,,1,8,0,0,0,0,0,AT,Age25_49,AZ,8978929
2022-W02,AT,435176,0,0,0,,0,0,0,0,0,0,0,AT,Age5_9,AZ,8978929
2022-W02,AT,1392642,0,0,0,,2,4,0,0,0,0,0,AT,Age50_59,AZ,8978929
2022-W02,AT,1086320,0,0,0,,0,5,1,0,0,0,0,AT,Age60_69,AZ,8978929
2022-W02,AT,741680,0,0,0,,0,2,2,0,0,0,0,AT,Age70_79,AZ,8978929
2022-W02,AT,524214,0,0,0,,0,2,0,0,0,0,0,AT,Age80+,AZ,8978929
2022-W02,AT,1551690,0,0,0,,1,1,0,0,0,0,0,AT,Age<18,AZ,8978929
2022-W02,AT,7427239,0,0,2,,5,21,3,0,0,0,0,AT,ALL,AZ,8978929
2022-W02,AT,431785,0,0,573,,313,3,0,0,0,0,0,AT,Age0_4,COM,8978929
2022-W02,AT,424628,0,0,5013,,8342,4726,7,0,0,0,0,AT,Age10_14,COM,8978929
2022-W02,AT,260101,0,0,1827,,2670,9435,11,1,0,0,0,AT,Age15_17,COM,8978929
2022-W02,AT,676675,0,0,3595,,5252,24736,56,1,0,0,0,AT,Age18_24,COM,8978929
2022-W02,AT,3005708,0,0,10219,,18033,96737,458,7,0,0,0,AT,Age25_49,COM,8978929
2022-W02,AT,435176,0,0,6630,,10905,42,0,0,0,0,0,AT,Age5_9,COM,8978929
2022-W02,AT,1392642,0,0,2417,,5771,37822,303,6,0,0,0,AT,Age50_59,COM,8978929
2022-W02,AT,1086320,0,0,1762,,4779,23416,441,11,0,0,0,AT,Age60_69,COM,8978929
2022-W02,AT,741680,0,0,1162,,3111,10869,436,3,0,0,0,AT,Age70_79,COM,8978929
2022-W02,AT,524214,0,0,1248,,3038,4665,208,2,0,0,0,AT,Age80+,COM,8978929
2022-W02,AT,1551690,0,0,14043,,22230,14206,18,1,0,0,0,AT,Age<18,COM,8978929
2023-W18,AT,524214,0,0,0,,0,0,0,0,0,0,0,AT,Age80+,NVXD,8978929
2023-W18,AT,741680,0,0,0,,0,1,1,0,0,0,0,AT,Age70_79,NVXD,8978929
2023-W17,AT,435176,0,0,0,,0,0,0,0,0,0,0,AT,Age5_9,MOD,8978929
2023-W17,AT,1392642,0,0,3,,0,2,9,10,0,0,0,AT,Age50_59,MOD,8978929
2023-W17,AT,1086320,0,0,0,,1,1,1,5,0,0,0,AT,Age60_69,MOD,8978929
2023-W17,AT,741680,0,0,0,,0,0,1,3,0,0,0,AT,Age70_79,MOD,8978929
2023-W17,AT,524214,0,0,0,,0,0,0,1,0,0,0,AT,Age80+,MOD,8978929
2023-W17,AT,1551690,0,0,0,,0,0,0,0,0,0,0,AT,Age<18,MOD,8978929
2023-W17,AT,7427239,0,0,4,,1,6,19,24,0,0,0,AT,ALL,MOD,8978929
2023-W17,AT,431785,0,0,0,,0,0,0,0,0,0,0,AT,Age0_4,MODBA.1,8978929
2023-W17,AT,424628,0,0,0,,0,0,0,0,0,0,0,AT,Age10_14,MODBA.1,8978929
2023-W17,AT,260101,0,0,0,,0,0,0,0,0,0,0,AT,Age15_17,MODBA.1,8978929
2023-W17,AT,676675,0,0,0,,0,0,1,0,0,0,0,AT,Age18_24,MODBA.1,8978929
2023-W17,AT,3005708,0,0,0,,0,0,0,0,0,0,0,AT,Age25_49,MODBA.1,8978929
2023-W17,AT,435176,0,0,0,,0,0,0,0,0,0,0,AT,Age5_9,MODBA.1,8978929
2023-W17,AT,1392642,0,0,0,,0,0,0,0,0,0,0,AT,Age50_59,MODBA.1,8978929
2023-W17,AT,1086320,0,0,0,,0,0,0,0,0,0,0,AT,Age60_69,MODBA.1,8978929
2023-W17,AT,741680,0,0,0,,0,0,0,0,0,0,0,AT,Age70_79,MODBA.1,8978929
2023-W17,AT,524214,0,0,0,,0,0,0,0,0,0,0,AT,Age80+,MODBA.1,8978929
2023-W17,AT,1551690,0,0,0,,0,0,0,0,0,0,0,AT,Age<18,MODBA.1,8978929
2023-W17,AT,7427239,0,0,0,,0,0,1,0,0,0,0,AT,ALL,MODBA.1,8978929
2023-W17,AT,431785,0,0,0,,0,0,0,0,0,0,0,AT,Age0_4,NVXD,8978929
2023-W17,AT,424628,0,0,0,,0,0,0,0,0,0,0,AT,Age10_14,NVXD,8978929
2023-W17,AT,260101,0,0,0,,0,0,0,0,0,0,0,AT,Age15_17,NVXD,8978929
2023-W17,AT,676675,0,0,0,,1,0,0,0,0,0,0,AT,Age18_24,NVXD,8978929
2023-W17,AT,3005708,0,0,0,,1,0,2,1,0,0,0,AT,Age25_49,NVXD,8978929
2023-W17,AT,435176,0,0,0,,0,0,0,0,0,0,0,AT,Age5_9,NVXD,8978929
2023-W17,AT,1392642,0,0,0,,0,0,0,0,0,0,0,AT,Age50_59,NVXD,8978929
2023-W17,AT,1086320,0,0,1,,1,1,0,2,0,0,0,AT,Age60_69,NVXD,8978929
2023-W17,AT,741680,0,0,0,,0,0,0,0,0,0,0,AT,Age70_79,NVXD,8978929
2023-W17,AT,524214,0,0,0,,0,0,0,0,0,0,0,AT,Age80+,NVXD,8978929
2023-W17,AT,1551690,0,0,0,,0,0,0,0,0,0,0,AT,Age<18,NVXD,8978929
2023-W17,AT,7427239,20000,0,1,,3,1,2,3,0,0,0,AT,ALL,NVXD,8978929
2023-W17,AT,431785,0,0,0,,0,0,0,0,0,0,0,AT,Age0_4,SGSK,8978929
2023-W17,AT,424628,0,0,0,,0,0,0,0,0,0,0,AT,Age10_14,SGSK,8978929
2023-W17,AT,260101,0,0,0,,0,0,0,0,0,0,0,AT,Age15_17,SGSK,8978929
2023-W17,AT,676675,0,0,0,,0,0,0,0,0,0,0,AT,Age18_24,SGSK,8978929
2023-W17,AT,3005708,0,0,0,,0,0,0,0,0,0,0,AT,Age25_49,SGSK,8978929
2023-W17,AT,435176,0,0,0,,0,0,0,0,0,0,0,AT,Age5_9,SGSK,8978929
2023-W17,AT,1392642,0,0,0,,0,0,0,0,0,0,0,AT,Age50_59,SGSK,8978929
2023-W17,AT,1086320,0,0,0,,0,0,0,0,0,0,0,AT,Age60_69,SGSK,8978929
2023-W17,AT,741680,0,0,0,,0,0,1,0,0,0,0,AT,Age70_79,SGSK,8978929
2023-W17,AT,524214,0,0,0,,0,0,0,0,0,0,0,AT,Age80+,SGSK,8978929
2023-W20,AT,3005708,0,0,0,,0,0,0,0,0,0,0,AT,Age25_49,AZ,8978929
2023-W20,AT,435176,0,0,0,,0,0,0,0,0,0,0,AT,Age5_9,AZ,8978929
2023-W20,AT,1392642,0,0,0,,0,0,0,0,0,0,0,AT,Age50_59,AZ,8978929
2023-W20,AT,1086320,0,0,0,,0,0,0,0,0,0,0,AT,Age60_69,AZ,8978929
2023-W20,AT,741680,0,0,0,,0,0,0,0,0,0,0,AT,Age70_79,AZ,8978929
2023-W20,AT,524214,0,0,0,,0,0,0,0,0,0,0,AT,Age80+,AZ,8978929
2023-W20,AT,1551690,0,0,0,,0,0,0,0,0,0,0,AT,Age<18,AZ,8978929
2023-W20,AT,7427239,0,0,0,,0,0,0,0,0,0,0,AT,ALL,AZ,8978929
2023-W20,AT,431785,0,0,1,,10,6,0,0,0,0,0,AT,Age0_4,COM,8978929
2023-W18,AT,1086320,0,0,0,,0,0,1,0,0,0,0,AT,Age60_69,NVXD,8978929
2023-W18,AT,1392642,0,0,0,,0,2,1,0,0,0,0,AT,Age50_59,NVXD,8978929
2023-W18,AT,435176,0,0,0,,0,0,0,0,0,0,0,AT,Age5_9,NVXD,8978929
2023-W18,AT,3005708,0,0,0,,0,0,0,0,0,0,0,AT,Age25_49,NVXD,8978929
2023-W18,AT,676675,0,0,0,,0,0,0,0,0,0,0,AT,Age18_24,NVXD,8978929
2023-W18,AT,260101,0,0,0,,0,0,0,0,0,0,0,AT,Age15_17,NVXD,8978929
2023-W18,AT,424628,0,0,0,,0,0,0,0,0,0,0,AT,Age10_14,NVXD,8978929
2023-W18,AT,431785,0,0,0,,0,0,0,0,0,0,0,AT,Age0_4,NVXD,8978929
2023-W18,AT,7427239,0,0,0,,0,0,0,0,0,0,0,AT,ALL,MODBA.1,8978929
2023-W18,AT,1551690,0,0,0,,0,0,0,0,0,0,0,AT,Age<18,MODBA.1,8978929
2023-W18,AT,524214,0,0,0,,0,0,0,0,0,0,0,AT,Age80+,MODBA.1,8978929
2023-W18,AT,741680,0,0,0,,0,0,0,0,0,0,0,AT,Age70_79,MODBA.1,8978929
2023-W18,AT,1086320,0,0,0,,0,0,0,0,0,0,0,AT,Age60_69,MODBA.1,8978929
2023-W18,AT,1392642,0,0,0,,0,0,0,0,0,0,0,AT,Age50_59,MODBA.1,8978929
2023-W18,AT,435176,0,0,0,,0,0,0,0,0,0,0,AT,Age5_9,MODBA.1,8978929
2023-W18,AT,3005708,0,0,0,,0,0,0,0,0,0,0,AT,Age25_49,MODBA.1,8978929
2023-W18,AT,676675,0,0,0,,0,0,0,0,0,0,0,AT,Age18_24,MODBA.1,8978929
2023-W18,AT,260101,0,0,0,,0,0,0,0,0,0,0,AT,Age15_17,MODBA.1,8978929
2023-W18,AT,424628,0,0,0,,0,0,0,0,0,0,0,AT,Age10_14,MODBA.1,8978929
2023-W18,AT,431785,0,0,0,,0,0,0,0,0,0,0,AT,Age0_4,MODBA.1,8978929
2023-W18,AT,7427239,0,0,0,,0,2,9,14,0,0,0,AT,ALL,MOD,8978929
2023-W18,AT,1551690,0,0,0,,0,0,0,0,0,0,0,AT,Age<18,MOD,8978929
2023-W18,AT,524214,0,0,0,,0,0,0,1,0,0,0,AT,Age80+,MOD,8978929
2023-W18,AT,741680,0,0,0,,0,0,1,0,0,0,0,AT,Age70_79,MOD,8978929
2023-W18,AT,1086320,0,0,0,,0,0,2,4,0,0,0,AT,Age60_69,MOD,8978929
2023-W18,AT,1392642,0,0,0,,0,1,2,6,0,0,0,AT,Age50_59,MOD,8978929
2023-W18,AT,435176,0,0,0,,0,0,0,0,0,0,0,AT,Age5_9,MOD,8978929
2023-W18,AT,3005708,0,0,0,,0,1,3,3,0,0,0,AT,Age25_49,MOD,8978929
2023-W18,AT,676675,0,0,0,,0,0,1,0,0,0,0,AT,Age18_24,MOD,8978929
2023-W18,AT,260101,0,0,0,,0,0,0,0,0,0,0,AT,Age15_17,MOD,8978929
2023-W18,AT,424628,0,0,0,,0,0,0,0,0,0,0,AT,Age10_14,MOD,8978929
2023-W18,AT,431785,0,0,0,,0,0,0,0,0,0,0,AT,Age0_4,MOD,8978929
2023-W18,AT,7427239,0,0,0,,0,0,0,0,0,0,0,AT,ALL,JANSS,8978929
2023-W18,AT,1551690,0,0,0,,0,0,0,0,0,0,0,AT,Age<18,JANSS,8978929
2023-W18,AT,524214,0,0,0,,0,0,0,0,0,0,0,AT,Age80+,JANSS,8978929
2023-W18,AT,741680,0,0,0,,0,0,0,0,0,0,0,AT,Age70_79,JANSS,8978929
2023-W18,AT,1086320,0,0,0,,0,0,0,0,0,0,0,AT,Age60_69,JANSS,8978929
2023-W18,AT,1392642,0,0,0,,0,0,0,0,0,0,0,AT,Age50_59,JANSS,8978929
2023-W18,AT,435176,0,0,0,,0,0,0,0,0,0,0,AT,Age5_9,JANSS,8978929
2023-W18,AT,3005708,0,0,0,,0,0,0,0,0,0,0,AT,Age25_49,JANSS,8978929
2023-W18,AT,676675,0,0,0,,0,0,0,0,0,0,0,AT,Age18_24,JANSS,8978929
2023-W18,AT,260101,0,0,0,,0,0,0,0,0,0,0,AT,Age15_17,JANSS,8978929
2023-W18,AT,424628,0,0,0,,0,0,0,0,0,0,0,AT,Age10_14,JANSS,8978929
2023-W18,AT,431785,0,0,0,,0,0,0,0,0,0,0,AT,Age0_4,JANSS,8978929
2021-W20,AT,524214,0,0,0,,0,0,0,0,0,0,0,AT,Age80+,COMBA.4-5,8932664
2021-W20,AT,741680,0,0,0,,1,0,0,0,0,0,0,AT,Age70_79,COMBA.4-5,8932664
2021-W20,AT,1086320,0,0,0,,0,0,0,0,0,0,0,AT,Age60_69,COMBA.4-5,8932664
2022-W02,AT,7427239,368520,0,20403,,39984,198245,1902,30,0,0,0,AT,ALL,COM,8978929
2022-W02,AT,431785,0,0,0,,0,0,0,0,0,0,0,AT,Age0_4,COMBA.1,8978929
2022-W02,AT,424628,0,0,0,,1,0,0,0,0,0,0,AT,Age10_14,COMBA.1,8978929
2022-W02,AT,260101,0,0,1,,0,0,0,0,0,0,0,AT,Age15_17,COMBA.1,8978929
2022-W02,AT,676675,0,0,1,,1,1,0,0,0,0,0,AT,Age18_24,COMBA.1,8978929
2022-W02,AT,3005708,0,0,4,,1,7,0,0,0,0,0,AT,Age25_49,COMBA.1,8978929
2022-W02,AT,435176,0,0,0,,0,0,0,0,0,0,0,AT,Age5_9,COMBA.1,8978929
2022-W02,AT,1392642,0,0,0,,0,1,1,0,0,0,0,AT,Age50_59,COMBA.1,8978929
2022-W02,AT,1086320,0,0,0,,1,1,0,0,0,0,0,AT,Age60_69,COMBA.1,8978929
2022-W02,AT,741680,0,0,0,,0,3,0,0,0,0,0,AT,Age70_79,COMBA.1,8978929
2022-W02,AT,524214,0,0,0,,0,0,0,0,0,0,0,AT,Age80+,COMBA.1,8978929
2022-W02,AT,1551690,0,0,1,,1,0,0,0,0,0,0,AT,Age<18,COMBA.1,8978929
2022-W02,AT,7427239,0,0,5,,3,13,1,0,0,0,0,AT,ALL,COMBA.1,8978929
2022-W02,AT,431785,0,0,0,,0,0,0,0,0,0,0,AT,Age0_4,COMBA.4-5,8978929
2022-W02,AT,424628,0,0,0,,0,0,0,0,0,0,0,AT,Age10_14,COMBA.4-5,8978929
2022-W02,AT,260101,0,0,0,,0,0,0,0,0,0,0,AT,Age15_17,COMBA.4-5,8978929
2022-W02,AT,676675,0,0,0,,0,0,0,0,0,0,0,AT,Age18_24,COMBA.4-5,8978929
2022-W02,AT,3005708,0,0,0,,0,0,0,0,0,0,0,AT,Age25_49,COMBA.4-5,8978929
2022-W02,AT,435176,0,0,0,,0,0,0,0,0,0,0,AT,Age5_9,COMBA.4-5,8978929
2022-W02,AT,1392642,0,0,0,,0,1,0,0,0,0,0,AT,Age50_59,COMBA.4-5,8978929
2022-W02,AT,1086320,0,0,0,,0,0,0,0,0,0,0,AT,Age60_69,COMBA.4-5,8978929
2022-W02,AT,741680,0,0,0,,0,0,0,0,0,0,0,AT,Age70_79,COMBA.4-5,8978929
2022-W02,AT,524214,0,0,0,,0,0,1,0,0,0,0,AT,Age80+,COMBA.4-5,8978929
2022-W02,AT,1551690,0,0,0,,0,0,0,0,0,0,0,AT,Age<18,COMBA.4-5,8978929
2022-W02,AT,7427239,0,0,0,,0,1,1,0,0,0,0,AT,ALL,COMBA.4-5,8978929
2022-W02,AT,431785,0,0,0,,0,0,0,0,0,0,0,AT,Age0_4,JANSS,8978929
2022-W02,AT,424628,0,0,1,,0,0,0,0,0,0,0,AT,Age10_14,JANSS,8978929
2022-W02,AT,260101,0,0,3,,0,1,0,0,0,0,0,AT,Age15_17,JANSS,8978929
2022-W02,AT,676675,0,0,27,,0,46,1,0,0,0,0,AT,Age18_24,JANSS,8978929
2022-W02,AT,3005708,0,0,63,,3,262,0,0,0,0,0,AT,Age25_49,JANSS,8978929
2022-W02,AT,435176,0,0,0,,0,0,0,0,0,0,0,AT,Age5_9,JANSS,8978929
2022-W02,AT,1392642,0,0,22,,2,103,1,0,0,0,0,AT,Age50_59,JANSS,8978929
2022-W02,AT,1086320,0,0,11,,1,42,0,0,0,0,0,AT,Age60_69,JANSS,8978929
2022-W02,AT,741680,0,0,6,,0,21,0,0,0,0,0,AT,Age70_79,JANSS,8978929
2022-W02,AT,524214,0,0,2,,2,12,0,0,0,0,0,AT,Age80+,JANSS,8978929
2022-W02,AT,1551690,0,0,4,,0,1,0,0,0,0,0,AT,Age<18,JANSS,8978929
2022-W02,AT,7427239,0,0,131,,8,486,2,0,0,0,0,AT,ALL,JANSS,8978929
2022-W02,AT,431785,0,0,0,,0,0,0,0,0,0,0,AT,Age0_4,MOD,8978929
2022-W02,AT,424628,0,0,3,,13,3,0,0,0,0,0,AT,Age10_14,MOD,8978929
2022-W02,AT,260101,0,0,8,,19,17,0,0,0,0,0,AT,Age15_17,MOD,8978929
2022-W02,AT,676675,0,0,31,,53,201,2,0,0,0,0,AT,Age18_24,MOD,8978929
2022-W02,AT,3005708,0,0,543,,1080,11736,79,1,0,0,0,AT,Age25_49,MOD,8978929
2022-W02,AT,435176,0,0,2,,8,0,0,0,0,0,0,AT,Age5_9,MOD,8978929
2022-W02,AT,1392642,0,0,203,,530,5762,46,2,0,0,0,AT,Age50_59,MOD,8978929
2022-W02,AT,1086320,0,0,118,,441,2892,44,1,0,0,0,AT,Age60_69,MOD,8978929
2022-W02,AT,741680,0,0,81,,283,1015,44,0,0,0,0,AT,Age70_79,MOD,8978929
2022-W02,AT,524214,0,0,74,,252,369,26,0,0,0,0,AT,Age80+,MOD,8978929
2022-W02,AT,1551690,0,0,13,,40,20,0,0,0,0,0,AT,Age<18,MOD,8978929
2022-W02,AT,7427239,94800,0,1050,,2639,21975,241,4,0,0,0,AT,ALL,MOD,8978929
2022-W02,AT,431785,0,0,0,,0,0,0,0,0,0,0,AT,Age0_4,MODBA.1,8978929
2022-W02,AT,424628,0,0,0,,0,0,0,0,0,0,0,AT,Age10_14,MODBA.1,8978929
2021-W52,AT,260101,0,0,0,,0,0,0,0,0,0,0,AT,Age15_17,AZ,8932664
2021-W52,AT,676675,0,0,0,,5,1,0,0,0,0,0,AT,Age18_24,AZ,8932664
2021-W52,AT,3005708,0,0,4,,6,4,0,0,0,0,0,AT,Age25_49,AZ,8932664
2021-W52,AT,435176,0,0,0,,1,0,0,0,0,0,0,AT,Age5_9,AZ,8932664
2021-W52,AT,1392642,0,0,2,,0,5,0,0,0,0,0,AT,Age50_59,AZ,8932664
2021-W52,AT,1086320,0,0,2,,2,1,0,0,0,0,0,AT,Age60_69,AZ,8932664
2021-W52,AT,741680,0,0,1,,0,2,0,0,0,0,0,AT,Age70_79,AZ,8932664
2021-W52,AT,524214,0,0,0,,0,0,0,0,0,0,0,AT,Age80+,AZ,8932664
2021-W52,AT,1551690,0,0,0,,1,0,0,0,0,0,0,AT,Age<18,AZ,8932664
2021-W52,AT,7427239,0,956550,9,,13,13,0,0,0,0,0,AT,ALL,AZ,8932664
2021-W20,AT,431785,0,0,0,,0,0,0,0,0,0,0,AT,Age0_4,SGSK,8932664
2021-W20,AT,424628,0,0,0,,0,0,0,0,0,0,0,AT,Age10_14,SGSK,8932664
2021-W20,AT,260101,0,0,0,,0,0,0,0,0,0,0,AT,Age15_17,SGSK,8932664
2021-W20,AT,676675,0,0,0,,0,0,0,0,0,0,0,AT,Age18_24,SGSK,8932664
2021-W20,AT,3005708,0,0,0,,0,0,0,0,0,0,0,AT,Age25_49,SGSK,8932664
2021-W20,AT,435176,0,0,0,,0,0,0,0,0,0,0,AT,Age5_9,SGSK,8932664
2021-W20,AT,1392642,0,0,0,,0,0,0,0,0,0,0,AT,Age50_59,SGSK,8932664
2021-W20,AT,1086320,0,0,0,,0,0,0,0,0,0,0,AT,Age60_69,SGSK,8932664
2021-W20,AT,741680,0,0,0,,0,0,0,0,0,0,0,AT,Age70_79,SGSK,8932664
2021-W20,AT,524214,0,0,0,,0,0,0,0,0,0,0,AT,Age80+,SGSK,8932664
2021-W20,AT,1551690,0,0,0,,0,0,0,0,0,0,0,AT,Age<18,SGSK,8932664
2021-W23,AT,1392642,0,0,3,,1,0,0,0,0,0,0,AT,Age50_59,COMBA.1,8932664
2021-W23,AT,1086320,0,0,1,,2,0,0,0,0,0,0,AT,Age60_69,COMBA.1,8932664
2021-W23,AT,741680,0,0,0,,1,0,0,0,0,0,0,AT,Age70_79,COMBA.1,8932664
2021-W23,AT,524214,0,0,0,,1,0,0,0,0,0,0,AT,Age80+,COMBA.1,8932664
2021-W23,AT,1551690,0,0,0,,0,0,0,0,0,0,0,AT,Age<18,COMBA.1,8932664
2021-W52,AT,431785,0,0,97,,81,0,0,0,0,0,0,AT,Age0_4,COM,8932664
2021-W52,AT,424628,0,0,4503,,10044,2949,4,0,0,0,0,AT,Age10_14,COM,8932664
2021-W52,AT,260101,0,0,1620,,2451,6024,5,0,0,0,0,AT,Age15_17,COM,8932664
2021-W52,AT,676675,0,0,2212,,3825,18578,22,0,0,0,0,AT,Age18_24,COM,8932664
2021-W52,AT,3005708,0,0,6390,,13204,61355,160,0,0,0,0,AT,Age25_49,COM,8932664
2021-W52,AT,435176,0,0,4747,,11561,28,1,0,0,0,0,AT,Age5_9,COM,8932664
2021-W52,AT,1392642,0,0,1515,,4089,27057,78,1,0,0,0,AT,Age50_59,COM,8932664
2021-W52,AT,1086320,0,0,1067,,2877,16009,78,1,0,0,0,AT,Age60_69,COM,8932664
2021-W52,AT,741680,0,0,635,,1447,6760,55,2,0,0,0,AT,Age70_79,COM,8932664
2021-W52,AT,524214,0,0,792,,1115,2643,34,1,0,0,0,AT,Age80+,COM,8932664
2021-W52,AT,1551690,0,0,10967,,24137,9001,10,0,0,0,0,AT,Age<18,COM,8932664
2021-W23,AT,7427239,0,0,10,,10,0,0,0,0,0,0,AT,ALL,COMBA.1,8932664
2021-W52,AT,7427239,0,0,12611,,26557,132402,427,5,0,0,0,AT,ALL,COM,8932664
2021-W52,AT,431785,0,0,0,,0,0,0,0,0,0,0,AT,Age0_4,COMBA.1,8932664
2021-W52,AT,424628,0,0,0,,0,0,0,0,0,0,0,AT,Age10_14,COMBA.1,8932664
2021-W52,AT,260101,0,0,0,,0,0,0,0,0,0,0,AT,Age15_17,COMBA.1,8932664
2021-W52,AT,676675,0,0,2,,0,1,0,0,0,0,0,AT,Age18_24,COMBA.1,8932664
2021-W52,AT,3005708,0,0,1,,2,6,0,0,0,0,0,AT,Age25_49,COMBA.1,8932664
2021-W52,AT,435176,0,0,2,,0,0,0,0,0,0,0,AT,Age5_9,COMBA.1,8932664
2021-W52,AT,1392642,0,0,0,,1,1,0,0,0,0,0,AT,Age50_59,COMBA.1,8932664
2023-W03,AT,1392642,0,0,0,,0,4,41,2,0,0,0,AT,Age50_59,COMBA.1,8978929
2023-W03,AT,1086320,0,0,0,,0,6,41,6,0,0,0,AT,Age60_69,COMBA.1,8978929
2023-W03,AT,741680,0,0,0,,0,3,26,23,0,0,0,AT,Age70_79,COMBA.1,8978929
2023-W03,AT,524214,0,0,0,,0,0,8,3,0,0,0,AT,Age80+,COMBA.1,8978929
2023-W03,AT,1551690,0,0,1,,5,4,2,1,0,0,0,AT,Age<18,COMBA.1,8978929
2023-W03,AT,7427239,0,0,1,,6,24,163,39,0,0,0,AT,ALL,COMBA.1,8978929
2023-W03,AT,431785,0,0,6,,16,28,3,0,0,0,0,AT,Age0_4,COMBA.4-5,8978929
2023-W03,AT,424628,0,0,1,,5,82,96,3,0,0,0,AT,Age10_14,COMBA.4-5,8978929
2023-W03,AT,260101,0,0,2,,5,23,168,1,0,0,0,AT,Age15_17,COMBA.4-5,8978929
2022-W19,AT,424628,0,0,144,,173,502,3,0,0,0,0,AT,Age10_14,COM,8978929
2022-W19,AT,431785,0,0,35,,59,5,0,0,0,0,0,AT,Age0_4,COM,8978929
2022-W19,AT,7427239,0,0,0,,0,2,0,0,0,0,0,AT,ALL,AZ,8978929
2022-W19,AT,1551690,0,0,0,,0,0,0,0,0,0,0,AT,Age<18,AZ,8978929
2022-W19,AT,524214,0,0,0,,0,0,0,0,0,0,0,AT,Age80+,AZ,8978929
2022-W19,AT,741680,0,0,0,,0,0,0,0,0,0,0,AT,Age70_79,AZ,8978929
2023-W03,AT,676675,0,0,16,,10,70,605,26,0,0,0,AT,Age18_24,COMBA.4-5,8978929
2023-W03,AT,3005708,0,0,56,,25,181,2883,238,0,0,0,AT,Age25_49,COMBA.4-5,8978929
2023-W03,AT,435176,0,0,1,,1,82,7,0,0,0,0,AT,Age5_9,COMBA.4-5,8978929
2023-W03,AT,1392642,0,0,10,,3,74,2061,267,0,0,0,AT,Age50_59,COMBA.4-5,8978929
2023-W03,AT,1086320,0,0,9,,4,41,1671,444,0,0,0,AT,Age60_69,COMBA.4-5,8978929
2023-W03,AT,741680,0,0,4,,0,23,959,396,0,0,0,AT,Age70_79,COMBA.4-5,8978929
2023-W03,AT,524214,0,0,2,,4,19,485,260,0,0,0,AT,Age80+,COMBA.4-5,8978929
2023-W03,AT,1551690,0,0,10,,27,215,274,4,0,0,0,AT,Age<18,COMBA.4-5,8978929
2023-W03,AT,7427239,0,0,97,,46,408,8664,1631,0,0,0,AT,ALL,COMBA.4-5,8978929
2023-W03,AT,431785,0,0,0,,0,0,0,0,0,0,0,AT,Age0_4,JANSS,8978929
2023-W03,AT,424628,0,0,0,,0,0,0,0,0,0,0,AT,Age10_14,JANSS,8978929
2023-W03,AT,260101,0,0,0,,0,0,0,0,0,0,0,AT,Age15_17,JANSS,8978929
2023-W03,AT,676675,0,0,0,,0,0,0,0,0,0,0,AT,Age18_24,JANSS,8978929
2023-W03,AT,3005708,0,0,1,,0,0,0,1,0,0,0,AT,Age25_49,JANSS,8978929
2023-W03,AT,435176,0,0,0,,0,0,0,0,0,0,0,AT,Age5_9,JANSS,8978929
2023-W03,AT,1392642,0,0,0,,0,0,0,0,0,0,0,AT,Age50_59,JANSS,8978929
2023-W03,AT,1086320,0,0,0,,0,0,0,1,0,0,0,AT,Age60_69,JANSS,8978929
2022-W19,AT,1086320,0,0,0,,0,1,0,0,0,0,0,AT,Age60_69,AZ,8978929
2022-W19,AT,1392642,0,0,0,,0,1,0,0,0,0,0,AT,Age50_59,AZ,8978929
2022-W19,AT,435176,0,0,0,,0,0,0,0,0,0,0,AT,Age5_9,AZ,8978929
2022-W19,AT,3005708,0,0,0,,0,0,0,0,0,0,0,AT,Age25_49,AZ,8978929
2022-W19,AT,676675,0,0,0,,0,0,0,0,0,0,0,AT,Age18_24,AZ,8978929
2022-W19,AT,260101,0,0,0,,0,0,0,0,0,0,0,AT,Age15_17,AZ,8978929
2022-W19,AT,424628,0,0,0,,0,0,0,0,0,0,0,AT,Age10_14,AZ,8978929
2022-W19,AT,431785,0,0,0,,0,0,0,0,0,0,0,AT,Age0_4,AZ,8978929
2022-W18,AT,7427239,0,0,0,,0,0,0,0,0,0,0,AT,ALL,VLA,8978929
2022-W18,AT,1551690,0,0,0,,0,0,0,0,0,0,0,AT,Age<18,VLA,8978929
2022-W18,AT,524214,0,0,0,,0,0,0,0,0,0,0,AT,Age80+,VLA,8978929
2022-W18,AT,741680,0,0,0,,0,0,0,0,0,0,0,AT,Age70_79,VLA,8978929
2022-W18,AT,1086320,0,0,0,,0,0,0,0,0,0,0,AT,Age60_69,VLA,8978929
2022-W18,AT,1392642,0,0,0,,0,0,0,0,0,0,0,AT,Age50_59,VLA,8978929
2022-W18,AT,435176,0,0,0,,0,0,0,0,0,0,0,AT,Age5_9,VLA,8978929
2022-W18,AT,3005708,0,0,0,,0,0,0,0,0,0,0,AT,Age25_49,VLA,8978929
2022-W18,AT,676675,0,0,0,,0,0,0,0,0,0,0,AT,Age18_24,VLA,8978929
2022-W18,AT,260101,0,0,0,,0,0,0,0,0,0,0,AT,Age15_17,VLA,8978929
2022-W18,AT,424628,0,0,0,,0,0,0,0,0,0,0,AT,Age10_14,VLA,8978929
2022-W18,AT,431785,0,0,0,,0,0,0,0,0,0,0,AT,Age0_4,VLA,8978929
2022-W18,AT,7427239,0,0,0,,0,0,0,0,0,0,15,AT,ALL,UNK,8978929
2022-W18,AT,1551690,0,0,0,,0,0,0,0,0,0,0,AT,Age<18,UNK,8978929
2022-W18,AT,524214,0,0,0,,0,0,0,0,0,0,0,AT,Age80+,UNK,8978929
2022-W18,AT,741680,0,0,0,,0,0,0,0,0,0,0,AT,Age70_79,UNK,8978929
2022-W18,AT,1086320,0,0,0,,0,0,0,0,0,0,2,AT,Age60_69,UNK,8978929
2022-W18,AT,1392642,0,0,0,,0,0,0,0,0,0,4,AT,Age50_59,UNK,8978929
2022-W18,AT,435176,0,0,0,,0,0,0,0,0,0,0,AT,Age5_9,UNK,8978929
2022-W18,AT,3005708,0,0,0,,0,0,0,0,0,0,7,AT,Age25_49,UNK,8978929
2022-W18,AT,676675,0,0,0,,0,0,0,0,0,0,2,AT,Age18_24,UNK,8978929
2022-W18,AT,260101,0,0,0,,0,0,0,0,0,0,0,AT,Age15_17,UNK,8978929
2022-W18,AT,424628,0,0,0,,0,0,0,0,0,0,0,AT,Age10_14,UNK,8978929
2022-W18,AT,431785,0,0,0,,0,0,0,0,0,0,0,AT,Age0_4,UNK,8978929
2022-W18,AT,7427239,0,0,0,,0,0,0,0,0,0,0,AT,ALL,SGSK,8978929
2022-W18,AT,1551690,0,0,0,,0,0,0,0,0,0,0,AT,Age<18,SGSK,8978929
2022-W18,AT,524214,0,0,0,,0,0,0,0,0,0,0,AT,Age80+,SGSK,8978929
2022-W18,AT,741680,0,0,0,,0,0,0,0,0,0,0,AT,Age70_79,SGSK,8978929
2022-W18,AT,1086320,0,0,0,,0,0,0,0,0,0,0,AT,Age60_69,SGSK,8978929
2022-W18,AT,1392642,0,0,0,,0,0,0,0,0,0,0,AT,Age50_59,SGSK,8978929
2022-W18,AT,435176,0,0,0,,0,0,0,0,0,0,0,AT,Age5_9,SGSK,8978929
2022-W18,AT,3005708,0,0,0,,0,0,0,0,0,0,0,AT,Age25_49,SGSK,8978929
2022-W18,AT,676675,0,0,0,,0,0,0,0,0,0,0,AT,Age18_24,SGSK,8978929
2022-W18,AT,260101,0,0,0,,0,0,0,0,0,0,0,AT,Age15_17,SGSK,8978929
2022-W18,AT,424628,0,0,0,,0,0,0,0,0,0,0,AT,Age10_14,SGSK,8978929
2022-W18,AT,431785,0,0,0,,0,0,0,0,0,0,0,AT,Age0_4,SGSK,8978929
2022-W18,AT,7427239,0,0,94,,103,136,58,4,0,0,0,AT,ALL,NVXD,8978929
2022-W18,AT,1551690,0,0,4,,4,1,0,0,0,0,0,AT,Age<18,NVXD,8978929
2022-W18,AT,524214,0,0,0,,1,5,13,0,0,0,0,AT,Age80+,NVXD,8978929
2022-W18,AT,741680,0,0,4,,5,12,5,0,0,0,0,AT,Age70_79,NVXD,8978929
2022-W18,AT,1086320,0,0,9,,12,22,14,1,0,0,0,AT,Age60_69,NVXD,8978929
2022-W18,AT,1392642,0,0,18,,24,30,12,2,0,0,0,AT,Age50_59,NVXD,8978929
2022-W32,AT,676675,0,0,0,,0,0,0,0,0,0,0,AT,Age18_24,SGSK,8978929
2022-W32,AT,260101,0,0,0,,0,0,0,0,0,0,0,AT,Age15_17,SGSK,8978929
2022-W32,AT,424628,0,0,0,,0,0,0,0,0,0,0,AT,Age10_14,SGSK,8978929
2022-W32,AT,431785,0,0,0,,0,0,0,0,0,0,0,AT,Age0_4,SGSK,8978929
2022-W32,AT,7427239,0,0,19,,22,30,125,1,0,0,0,AT,ALL,NVXD,8978929
2022-W32,AT,1551690,0,0,3,,0,2,0,0,0,0,0,AT,Age<18,NVXD,8978929
2022-W32,AT,524214,0,0,0,,1,0,30,1,0,0,0,AT,Age80+,NVXD,8978929
2022-W32,AT,741680,0,0,1,,1,4,33,0,0,0,0,AT,Age70_79,NVXD,8978929
2022-W32,AT,1086320,0,0,0,,1,3,26,0,0,0,0,AT,Age60_69,NVXD,8978929
2022-W32,AT,1392642,0,0,4,,5,9,19,0,0,0,0,AT,Age50_59,NVXD,8978929
2022-W32,AT,435176,0,0,0,,0,0,0,0,0,0,0,AT,Age5_9,NVXD,8978929
2022-W32,AT,3005708,0,0,9,,10,10,15,0,0,0,0,AT,Age25_49,NVXD,8978929
2022-W32,AT,676675,0,0,5,,4,4,2,0,0,0,0,AT,Age18_24,NVXD,8978929
2022-W32,AT,260101,0,0,3,,0,1,0,0,0,0,0,AT,Age15_17,NVXD,8978929
2021-W40,AT,524214,0,0,0,,0,0,0,0,0,0,1,AT,Age80+,UNK,8932664
2021-W40,AT,1551690,0,0,0,,0,0,0,0,0,0,1,AT,Age<18,UNK,8932664
2021-W40,AT,7427239,0,0,0,,0,0,0,0,0,0,61,AT,ALL,UNK,8932664
2021-W40,AT,431785,0,0,0,,0,0,0,0,0,0,0,AT,Age0_4,VLA,8932664
2021-W40,AT,424628,0,0,0,,0,0,0,0,0,0,0,AT,Age10_14,VLA,8932664
2021-W40,AT,260101,0,0,0,,0,0,0,0,0,0,0,AT,Age15_17,VLA,8932664
2021-W40,AT,676675,0,0,0,,0,0,0,0,0,0,0,AT,Age18_24,VLA,8932664
2021-W40,AT,3005708,0,0,0,,0,0,0,0,0,0,0,AT,Age25_49,VLA,8932664
2021-W40,AT,435176,0,0,0,,0,0,0,0,0,0,0,AT,Age5_9,VLA,8932664
2021-W40,AT,1392642,0,0,0,,0,0,0,0,0,0,0,AT,Age50_59,VLA,8932664
2021-W40,AT,1086320,0,0,0,,0,0,0,0,0,0,0,AT,Age60_69,VLA,8932664
2021-W40,AT,741680,0,0,0,,0,0,0,0,0,0,0,AT,Age70_79,VLA,8932664
2021-W40,AT,524214,0,0,0,,0,0,0,0,0,0,0,AT,Age80+,VLA,8932664
2021-W40,AT,1551690,0,0,0,,0,0,0,0,0,0,0,AT,Age<18,VLA,8932664
2021-W40,AT,7427239,0,0,0,,0,0,0,0,0,0,0,AT,ALL,VLA,8932664
2021-W41,AT,431785,0,0,0,,0,0,0,0,0,0,0,AT,Age0_4,AZ,8932664
2021-W41,AT,424628,0,0,0,,4,0,0,0,0,0,0,AT,Age10_14,AZ,8932664
2021-W41,AT,260101,0,0,2,,6,0,0,0,0,0,0,AT,Age15_17,AZ,8932664
2021-W41,AT,676675,0,0,11,,26,0,0,0,0,0,0,AT,Age18_24,AZ,8932664
2021-W41,AT,3005708,0,0,38,,109,0,0,0,0,0,0,AT,Age25_49,AZ,8932664
2021-W41,AT,435176,0,0,0,,0,0,0,0,0,0,0,AT,Age5_9,AZ,8932664
2021-W41,AT,1392642,0,0,11,,41,3,0,0,0,0,0,AT,Age50_59,AZ,8932664
2021-W41,AT,1086320,0,0,8,,21,6,0,0,0,0,0,AT,Age60_69,AZ,8932664
2022-W27,AT,1551690,0,0,1,,0,5,0,0,0,0,0,AT,Age<18,MOD,8978929
2022-W27,AT,7427239,0,0,21,,32,291,2603,16,0,0,0,AT,ALL,MOD,8978929
2022-W27,AT,431785,0,0,0,,0,0,0,0,0,0,0,AT,Age0_4,MODBA.1,8978929
2022-W27,AT,424628,0,0,0,,0,0,0,0,0,0,0,AT,Age10_14,MODBA.1,8978929
2022-W27,AT,260101,0,0,0,,0,0,0,0,0,0,0,AT,Age15_17,MODBA.1,8978929
2022-W27,AT,676675,0,0,0,,0,0,0,0,0,0,0,AT,Age18_24,MODBA.1,8978929
2022-W27,AT,3005708,0,0,0,,0,0,1,0,0,0,0,AT,Age25_49,MODBA.1,8978929
2022-W27,AT,435176,0,0,0,,0,0,0,0,0,0,0,AT,Age5_9,MODBA.1,8978929
2022-W27,AT,1392642,0,0,0,,0,2,0,0,0,0,0,AT,Age50_59,MODBA.1,8978929
2022-W27,AT,1086320,0,0,0,,0,0,0,0,0,0,0,AT,Age60_69,MODBA.1,8978929
2022-W27,AT,741680,0,0,0,,0,0,1,0,0,0,0,AT,Age70_79,MODBA.1,8978929
2022-W27,AT,524214,0,0,0,,0,0,0,0,0,0,0,AT,Age80+,MODBA.1,8978929
2022-W27,AT,1551690,0,0,0,,0,0,0,0,0,0,0,AT,Age<18,MODBA.1,8978929
2022-W27,AT,7427239,0,0,0,,0,2,2,0,0,0,0,AT,ALL,MODBA.1,8978929
2022-W27,AT,431785,0,0,0,,0,0,0,0,0,0,0,AT,Age0_4,NVXD,8978929
2021-W23,AT,431785,0,0,0,,0,0,0,0,0,0,0,AT,Age0_4,COMBA.4-5,8932664
2021-W23,AT,424628,0,0,0,,0,0,0,0,0,0,0,AT,Age10_14,COMBA.4-5,8932664
2021-W23,AT,260101,0,0,0,,0,0,0,0,0,0,0,AT,Age15_17,COMBA.4-5,8932664
2021-W23,AT,676675,0,0,0,,0,0,0,0,0,0,0,AT,Age18_24,COMBA.4-5,8932664
2021-W23,AT,3005708,0,0,1,,1,0,0,0,0,0,0,AT,Age25_49,COMBA.4-5,8932664
2021-W23,AT,435176,0,0,0,,0,0,0,0,0,0,0,AT,Age5_9,COMBA.4-5,8932664
2021-W23,AT,1392642,0,0,0,,0,0,0,0,0,0,0,AT,Age50_59,COMBA.4-5,8932664
2021-W23,AT,1086320,0,0,0,,0,0,0,0,0,0,0,AT,Age60_69,COMBA.4-5,8932664
2021-W23,AT,741680,0,0,0,,0,0,0,0,0,0,0,AT,Age70_79,COMBA.4-5,8932664
2021-W23,AT,524214,0,0,0,,0,0,0,0,0,0,0,AT,Age80+,COMBA.4-5,8932664
2021-W23,AT,1551690,0,0,0,,0,0,0,0,0,0,0,AT,Age<18,COMBA.4-5,8932664
2021-W23,AT,7427239,0,0,1,,1,0,0,0,0,0,0,AT,ALL,COMBA.4-5,8932664
2021-W23,AT,431785,0,0,0,,0,0,0,0,0,0,0,AT,Age0_4,JANSS,8932664
2021-W23,AT,424628,0,0,2,,0,0,0,0,0,0,0,AT,Age10_14,JANSS,8932664
2021-W23,AT,260101,0,0,52,,0,0,0,0,0,0,0,AT,Age15_17,JANSS,8932664
2021-W23,AT,676675,0,0,2708,,2,1,0,0,0,0,0,AT,Age18_24,JANSS,8932664
2021-W23,AT,3005708,0,0,13537,,7,3,0,0,0,0,0,AT,Age25_49,JANSS,8932664
2021-W23,AT,435176,0,0,1,,0,0,0,0,0,0,0,AT,Age5_9,JANSS,8932664
2021-W23,AT,1392642,0,0,4488,,5,0,0,0,0,0,0,AT,Age50_59,JANSS,8932664
2021-W23,AT,1086320,0,0,1079,,1,3,0,0,0,0,0,AT,Age60_69,JANSS,8932664
2021-W23,AT,741680,0,0,464,,0,1,0,0,0,0,0,AT,Age70_79,JANSS,8932664
2021-W23,AT,524214,0,0,364,,0,1,0,0,0,0,0,AT,Age80+,JANSS,8932664
2021-W23,AT,1551690,0,0,55,,0,0,0,0,0,0,0,AT,Age<18,JANSS,8932664
2021-W23,AT,7427239,14100,0,22640,,15,9,0,0,0,0,0,AT,ALL,JANSS,8932664
2021-W23,AT,431785,0,0,0,,0,0,0,0,0,0,0,AT,Age0_4,MOD,8932664
2021-W23,AT,424628,0,0,0,,0,0,0,0,0,0,0,AT,Age10_14,MOD,8932664
2021-W23,AT,260101,0,0,33,,5,0,0,0,0,0,0,AT,Age15_17,MOD,8932664
2021-W23,AT,676675,0,0,4576,,822,0,0,0,0,0,0,AT,Age18_24,MOD,8932664
2021-W23,AT,3005708,0,0,24566,,4864,5,0,0,0,0,0,AT,Age25_49,MOD,8932664
2021-W23,AT,435176,0,0,0,,0,0,0,0,0,0,0,AT,Age5_9,MOD,8932664
2021-W23,AT,1392642,0,0,8018,,8782,6,0,0,0,0,0,AT,Age50_59,MOD,8932664
2021-W23,AT,1086320,0,0,1445,,7579,0,0,0,0,0,0,AT,Age60_69,MOD,8932664
2022-W27,AT,424628,0,0,0,,0,0,1,0,0,0,0,AT,Age10_14,NVXD,8978929
2022-W27,AT,260101,0,0,0,,0,2,1,0,0,0,0,AT,Age15_17,NVXD,8978929
2022-W27,AT,676675,0,0,4,,5,5,4,1,0,0,0,AT,Age18_24,NVXD,8978929
2022-W27,AT,3005708,0,0,12,,29,22,28,0,0,0,0,AT,Age25_49,NVXD,8978929
2022-W27,AT,435176,0,0,0,,0,0,0,0,0,0,0,AT,Age5_9,NVXD,8978929
2022-W27,AT,1392642,0,0,4,,14,17,27,2,0,0,0,AT,Age50_59,NVXD,8978929
2022-W27,AT,1086320,0,0,3,,5,9,48,0,0,0,0,AT,Age60_69,NVXD,8978929
2022-W27,AT,741680,0,0,1,,2,2,64,0,0,0,0,AT,Age70_79,NVXD,8978929
2022-W28,AT,1392642,0,0,0,,0,1,1,0,0,0,0,AT,Age50_59,COMBA.1,8978929
2022-W28,AT,435176,0,0,0,,0,0,0,0,0,0,0,AT,Age5_9,COMBA.1,8978929
2022-W28,AT,3005708,0,0,0,,0,0,2,0,0,0,0,AT,Age25_49,COMBA.1,8978929
2022-W28,AT,676675,0,0,0,,0,0,0,0,0,0,0,AT,Age18_24,COMBA.1,8978929
2022-W28,AT,260101,0,0,0,,0,0,0,0,0,0,0,AT,Age15_17,COMBA.1,8978929
2022-W28,AT,424628,0,0,0,,0,0,0,0,0,0,0,AT,Age10_14,COMBA.1,8978929
2022-W28,AT,431785,0,0,0,,0,0,0,0,0,0,0,AT,Age0_4,COMBA.1,8978929
2022-W28,AT,7427239,0,0,429,,674,6043,56881,262,0,0,0,AT,ALL,COM,8978929
2022-W28,AT,1551690,0,0,300,,452,2584,179,1,0,0,0,AT,Age<18,COM,8978929
2022-W28,AT,524214,0,0,32,,50,649,15570,38,0,0,0,AT,Age80+,COM,8978929
2022-W28,AT,741680,0,0,21,,43,673,18696,74,0,0,0,AT,Age70_79,COM,8978929
2022-W28,AT,1086320,0,0,53,,64,816,12970,71,0,0,0,AT,Age60_69,COM,8978929
2022-W28,AT,1392642,0,0,50,,82,888,4751,34,0,0,0,AT,Age50_59,COM,8978929
2022-W28,AT,435176,0,0,81,,149,654,1,0,0,0,0,AT,Age5_9,COM,8978929
2022-W28,AT,3005708,0,0,210,,337,2310,4288,41,0,0,0,AT,Age25_49,COM,8978929
2022-W28,AT,676675,0,0,63,,98,707,606,4,0,0,0,AT,Age18_24,COM,8978929
2022-W28,AT,260101,0,0,25,,49,563,98,1,0,0,0,AT,Age15_17,COM,8978929
2022-W28,AT,424628,0,0,99,,208,1324,76,0,0,0,0,AT,Age10_14,COM,8978929
2022-W28,AT,431785,0,0,95,,46,43,4,0,0,0,0,AT,Age0_4,COM,8978929
2022-W28,AT,7427239,0,0,1,,0,0,1,0,0,0,0,AT,ALL,AZ,8978929
2022-W28,AT,1551690,0,0,0,,0,0,0,0,0,0,0,AT,Age<18,AZ,8978929
2022-W28,AT,524214,0,0,0,,0,0,0,0,0,0,0,AT,Age80+,AZ,8978929
2022-W28,AT,741680,0,0,0,,0,0,1,0,0,0,0,AT,Age70_79,AZ,8978929
2022-W28,AT,1086320,0,0,0,,0,0,0,0,0,0,0,AT,Age60_69,AZ,8978929
2022-W15,AT,1551690,0,0,420,,589,1755,9,0,0,0,0,AT,Age<18,COM,8978929
2022-W15,AT,524214,0,0,11,,41,496,695,0,0,0,0,AT,Age80+,COM,8978929
2022-W15,AT,741680,0,0,20,,70,835,429,0,0,0,0,AT,Age70_79,COM,8978929
2022-W15,AT,1086320,0,0,48,,89,1321,465,2,0,0,0,AT,Age60_69,COM,8978929
2022-W15,AT,1392642,0,0,63,,206,1653,605,2,0,0,0,AT,Age50_59,COM,8978929
2022-W15,AT,435176,0,0,103,,157,20,0,0,0,0,0,AT,Age5_9,COM,8978929
2022-W15,AT,3005708,0,0,306,,621,4105,1208,3,0,0,0,AT,Age25_49,COM,8978929
2022-W15,AT,676675,0,0,130,,229,1343,404,0,0,0,0,AT,Age18_24,COM,8978929
2022-W15,AT,260101,0,0,101,,135,952,7,0,0,0,0,AT,Age15_17,COM,8978929
2022-W15,AT,424628,0,0,178,,192,779,2,0,0,0,0,AT,Age10_14,COM,8978929
2022-W15,AT,431785,0,0,38,,105,4,0,0,0,0,0,AT,Age0_4,COM,8978929
2022-W15,AT,7427239,0,0,0,,0,1,1,1,0,0,0,AT,ALL,AZ,8978929
2022-W15,AT,1551690,0,0,0,,1,0,0,0,0,0,0,AT,Age<18,AZ,8978929
2022-W15,AT,524214,0,0,0,,0,0,0,0,0,0,0,AT,Age80+,AZ,8978929
2022-W15,AT,741680,0,0,0,,0,1,0,0,0,0,0,AT,Age70_79,AZ,8978929
2022-W15,AT,1086320,0,0,0,,0,0,1,0,0,0,0,AT,Age60_69,AZ,8978929
2022-W15,AT,1392642,0,0,0,,0,0,0,0,0,0,0,AT,Age50_59,AZ,8978929
2022-W15,AT,435176,0,0,0,,1,0,0,0,0,0,0,AT,Age5_9,AZ,8978929
2022-W28,AT,1392642,0,0,0,,0,0,0,0,0,0,0,AT,Age50_59,AZ,8978929
2022-W28,AT,435176,0,0,0,,0,0,0,0,0,0,0,AT,Age5_9,AZ,8978929
2022-W28,AT,3005708,0,0,1,,0,0,0,0,0,0,0,AT,Age25_49,AZ,8978929
2022-W28,AT,676675,0,0,0,,0,0,0,0,0,0,0,AT,Age18_24,AZ,8978929
2022-W28,AT,260101,0,0,0,,0,0,0,0,0,0,0,AT,Age15_17,AZ,8978929
2022-W28,AT,424628,0,0,0,,0,0,0,0,0,0,0,AT,Age10_14,AZ,8978929
2022-W28,AT,431785,0,0,0,,0,0,0,0,0,0,0,AT,Age0_4,AZ,8978929
2022-W27,AT,7427239,0,0,0,,0,0,0,0,0,0,0,AT,ALL,VLA,8978929
2022-W27,AT,1551690,0,0,0,,0,0,0,0,0,0,0,AT,Age<18,VLA,8978929
2022-W27,AT,524214,0,0,0,,0,0,0,0,0,0,0,AT,Age80+,VLA,8978929
2022-W27,AT,741680,0,0,0,,0,0,0,0,0,0,0,AT,Age70_79,VLA,8978929
2022-W27,AT,1086320,0,0,0,,0,0,0,0,0,0,0,AT,Age60_69,VLA,8978929
2022-W27,AT,1392642,0,0,0,,0,0,0,0,0,0,0,AT,Age50_59,VLA,8978929
2022-W27,AT,435176,0,0,0,,0,0,0,0,0,0,0,AT,Age5_9,VLA,8978929
2022-W27,AT,3005708,0,0,0,,0,0,0,0,0,0,0,AT,Age25_49,VLA,8978929
2022-W27,AT,676675,0,0,0,,0,0,0,0,0,0,0,AT,Age18_24,VLA,8978929
2022-W27,AT,260101,0,0,0,,0,0,0,0,0,0,0,AT,Age15_17,VLA,8978929
2022-W27,AT,424628,0,0,0,,0,0,0,0,0,0,0,AT,Age10_14,VLA,8978929
2022-W27,AT,431785,0,0,0,,0,0,0,0,0,0,0,AT,Age0_4,VLA,8978929
2022-W27,AT,7427239,0,0,0,,0,0,0,0,0,0,5,AT,ALL,UNK,8978929
2022-W27,AT,1551690,0,0,0,,0,0,0,0,0,0,0,AT,Age<18,UNK,8978929
2022-W27,AT,524214,0,0,0,,0,0,0,0,0,0,0,AT,Age80+,UNK,8978929
2022-W27,AT,741680,0,0,0,,0,0,0,0,0,0,1,AT,Age70_79,UNK,8978929
2022-W27,AT,1086320,0,0,0,,0,0,0,0,0,0,0,AT,Age60_69,UNK,8978929
2022-W30,AT,676675,0,0,7,,5,17,1,0,0,0,0,AT,Age18_24,NVXD,8978929
2021-W20,AT,1392642,0,0,1,,0,0,0,0,0,0,0,AT,Age50_59,COMBA.4-5,8932664
2021-W20,AT,435176,0,0,0,,0,0,0,0,0,0,0,AT,Age5_9,COMBA.4-5,8932664
2021-W20,AT,3005708,0,0,0,,0,0,0,0,0,0,0,AT,Age25_49,COMBA.4-5,8932664
2021-W20,AT,676675,0,0,0,,0,0,0,0,0,0,0,AT,Age18_24,COMBA.4-5,8932664
2021-W20,AT,260101,0,0,0,,0,0,0,0,0,0,0,AT,Age15_17,COMBA.4-5,8932664
2021-W20,AT,424628,0,0,0,,0,0,0,0,0,0,0,AT,Age10_14,COMBA.4-5,8932664
2021-W20,AT,431785,0,0,0,,0,0,0,0,0,0,0,AT,Age0_4,COMBA.4-5,8932664
2021-W20,AT,7427239,0,0,9,,9,0,0,0,0,0,0,AT,ALL,COMBA.1,8932664
2021-W20,AT,1551690,0,0,0,,0,0,0,0,0,0,0,AT,Age<18,COMBA.1,8932664
2021-W20,AT,524214,0,0,0,,0,0,0,0,0,0,0,AT,Age80+,COMBA.1,8932664
2021-W20,AT,741680,0,0,0,,1,0,0,0,0,0,0,AT,Age70_79,COMBA.1,8932664
2021-W20,AT,1086320,0,0,0,,3,0,0,0,0,0,0,AT,Age60_69,COMBA.1,8932664
2021-W20,AT,1392642,0,0,0,,3,0,0,0,0,0,0,AT,Age50_59,COMBA.1,8932664
2021-W20,AT,435176,0,0,0,,0,0,0,0,0,0,0,AT,Age5_9,COMBA.1,8932664
2021-W20,AT,3005708,0,0,9,,0,0,0,0,0,0,0,AT,Age25_49,COMBA.1,8932664
2021-W20,AT,676675,0,0,0,,2,0,0,0,0,0,0,AT,Age18_24,COMBA.1,8932664
2021-W20,AT,260101,0,0,0,,0,0,0,0,0,0,0,AT,Age15_17,COMBA.1,8932664
2021-W22,AT,424628,0,0,0,,0,0,0,0,0,0,0,AT,Age10_14,SGSK,8932664
2021-W22,AT,431785,0,0,0,,0,0,0,0,0,0,0,AT,Age0_4,SGSK,8932664
2021-W22,AT,7427239,0,0,0,,0,0,0,0,0,0,0,AT,ALL,NVXD,8932664
2021-W22,AT,1551690,0,0,0,,0,0,0,0,0,0,0,AT,Age<18,NVXD,8932664
2021-W22,AT,524214,0,0,0,,0,0,0,0,0,0,0,AT,Age80+,NVXD,8932664
2021-W22,AT,741680,0,0,0,,0,0,0,0,0,0,0,AT,Age70_79,NVXD,8932664
2021-W22,AT,1086320,0,0,0,,0,0,0,0,0,0,0,AT,Age60_69,NVXD,8932664
2021-W22,AT,1392642,0,0,0,,0,0,0,0,0,0,0,AT,Age50_59,NVXD,8932664
2021-W22,AT,435176,0,0,0,,0,0,0,0,0,0,0,AT,Age5_9,NVXD,8932664
2021-W22,AT,3005708,0,0,0,,0,0,0,0,0,0,0,AT,Age25_49,NVXD,8932664
2021-W22,AT,676675,0,0,0,,0,0,0,0,0,0,0,AT,Age18_24,NVXD,8932664
2021-W22,AT,260101,0,0,0,,0,0,0,0,0,0,0,AT,Age15_17,NVXD,8932664
2021-W22,AT,424628,0,0,0,,0,0,0,0,0,0,0,AT,Age10_14,NVXD,8932664
2021-W22,AT,431785,0,0,0,,0,0,0,0,0,0,0,AT,Age0_4,NVXD,8932664
2021-W22,AT,7427239,0,0,0,,0,0,0,0,0,0,0,AT,ALL,MODBA.1,8932664
2021-W22,AT,1551690,0,0,0,,0,0,0,0,0,0,0,AT,Age<18,MODBA.1,8932664
2021-W22,AT,524214,0,0,0,,0,0,0,0,0,0,0,AT,Age80+,MODBA.1,8932664
2021-W22,AT,741680,0,0,0,,0,0,0,0,0,0,0,AT,Age70_79,MODBA.1,8932664
2021-W22,AT,1086320,0,0,0,,0,0,0,0,0,0,0,AT,Age60_69,MODBA.1,8932664
2021-W22,AT,1392642,0,0,0,,0,0,0,0,0,0,0,AT,Age50_59,MODBA.1,8932664
2021-W22,AT,435176,0,0,0,,0,0,0,0,0,0,0,AT,Age5_9,MODBA.1,8932664
2021-W22,AT,3005708,0,0,0,,0,0,0,0,0,0,0,AT,Age25_49,MODBA.1,8932664
2021-W22,AT,676675,0,0,0,,0,0,0,0,0,0,0,AT,Age18_24,MODBA.1,8932664
2021-W22,AT,260101,0,0,0,,0,0,0,0,0,0,0,AT,Age15_17,MODBA.1,8932664
2021-W22,AT,424628,0,0,0,,0,0,0,0,0,0,0,AT,Age10_14,MODBA.1,8932664
2021-W22,AT,431785,0,0,0,,0,0,0,0,0,0,0,AT,Age0_4,MODBA.1,8932664
2023-W04,AT,1392642,0,0,0,,0,1,4,1,0,0,0,AT,Age50_59,SGSK,8978929
2021-W22,AT,7427239,58800,0,39776,,16612,15,1,0,0,0,0,AT,ALL,MOD,8932664
2021-W22,AT,1551690,0,0,46,,3,0,0,0,0,0,0,AT,Age<18,MOD,8932664
2023-W04,AT,435176,0,0,0,,0,0,0,0,0,0,0,AT,Age5_9,SGSK,8978929
2023-W04,AT,3005708,0,0,0,,1,0,16,2,0,0,0,AT,Age25_49,SGSK,8978929
2023-W07,AT,676675,0,0,8,,9,28,229,21,0,0,0,AT,Age18_24,COMBA.4-5,8978929
2023-W07,AT,260101,0,0,1,,1,14,61,4,0,0,0,AT,Age15_17,COMBA.4-5,8978929
2023-W07,AT,424628,0,0,0,,2,27,33,0,0,0,0,AT,Age10_14,COMBA.4-5,8978929
2023-W07,AT,431785,0,0,3,,4,9,0,0,0,0,0,AT,Age0_4,COMBA.4-5,8978929
2023-W07,AT,7427239,0,0,2,,9,9,80,26,0,0,0,AT,ALL,COMBA.1,8978929
2021-W03,AT,524214,0,0,0,,0,0,0,0,0,0,0,AT,Age80+,AZ,8932664
2021-W03,AT,741680,0,0,0,,0,0,0,0,0,0,0,AT,Age70_79,AZ,8932664
2021-W03,AT,1086320,0,0,0,,0,0,0,0,0,0,0,AT,Age60_69,AZ,8932664
2023-W07,AT,1551690,0,0,2,,5,5,1,0,0,0,0,AT,Age<18,COMBA.1,8978929
2023-W07,AT,524214,0,0,0,,0,0,6,5,0,0,0,AT,Age80+,COMBA.1,8978929
2023-W07,AT,741680,0,0,0,,0,0,11,6,0,0,0,AT,Age70_79,COMBA.1,8978929
2023-W07,AT,1086320,0,0,0,,0,1,25,7,0,0,0,AT,Age60_69,COMBA.1,8978929
2023-W07,AT,1392642,0,0,0,,2,3,17,6,0,0,0,AT,Age50_59,COMBA.1,8978929
2023-W07,AT,435176,0,0,0,,0,1,0,0,0,0,0,AT,Age5_9,COMBA.1,8978929
2023-W07,AT,3005708,0,0,2,,6,3,18,2,0,0,0,AT,Age25_49,COMBA.1,8978929
2023-W07,AT,676675,0,0,0,,1,2,3,0,0,0,0,AT,Age18_24,COMBA.1,8978929
2023-W07,AT,260101,0,0,1,,0,0,0,0,0,0,0,AT,Age15_17,COMBA.1,8978929
2023-W07,AT,424628,0,0,0,,1,2,1,0,0,0,0,AT,Age10_14,COMBA.1,8978929
2023-W07,AT,431785,0,0,1,,4,2,0,0,0,0,0,AT,Age0_4,COMBA.1,8978929
2023-W07,AT,7427239,0,0,19,,20,32,415,142,0,0,0,AT,ALL,COM,8978929
2023-W07,AT,1551690,0,0,35,,64,44,14,0,0,0,0,AT,Age<18,COM,8978929
2023-W07,AT,524214,0,0,1,,1,2,37,32,0,0,0,AT,Age80+,COM,8978929
2023-W07,AT,741680,0,0,1,,0,1,67,36,0,0,0,AT,Age70_79,COM,8978929
2023-W07,AT,1086320,0,0,2,,0,5,96,45,0,0,0,AT,Age60_69,COM,8978929
2021-W22,AT,524214,0,0,178,,350,1,0,0,0,0,0,AT,Age80+,MOD,8932664
2023-W07,AT,1392642,0,0,0,,5,4,106,17,0,0,0,AT,Age50_59,COM,8978929
2023-W07,AT,435176,0,0,1,,4,8,2,0,0,0,0,AT,Age5_9,COM,8978929
2023-W07,AT,3005708,0,0,10,,12,11,88,10,0,0,0,AT,Age25_49,COM,8978929
2021-W52,AT,1086320,0,0,0,,0,0,3,0,0,0,0,AT,Age60_69,COMBA.1,8932664
2021-W52,AT,741680,0,0,0,,0,0,0,0,0,0,0,AT,Age70_79,COMBA.1,8932664
2021-W52,AT,524214,0,0,0,,0,0,0,0,0,0,0,AT,Age80+,COMBA.1,8932664
2021-W52,AT,1551690,0,0,2,,0,0,0,0,0,0,0,AT,Age<18,COMBA.1,8932664
2021-W52,AT,7427239,0,0,3,,3,8,3,0,0,0,0,AT,ALL,COMBA.1,8932664
2021-W52,AT,431785,0,0,0,,0,0,0,0,0,0,0,AT,Age0_4,COMBA.4-5,8932664
2021-W52,AT,424628,0,0,0,,0,0,0,0,0,0,0,AT,Age10_14,COMBA.4-5,8932664
2021-W52,AT,260101,0,0,0,,0,0,0,0,0,0,0,AT,Age15_17,COMBA.4-5,8932664
2021-W52,AT,676675,0,0,0,,0,1,0,0,0,0,0,AT,Age18_24,COMBA.4-5,8932664
2021-W52,AT,3005708,0,0,0,,0,1,0,0,0,0,0,AT,Age25_49,COMBA.4-5,8932664
2022-W17,AT,676675,0,0,0,,0,0,0,0,0,0,0,AT,Age18_24,MODBA.1,8978929
2022-W17,AT,3005708,0,0,0,,0,0,0,0,0,0,0,AT,Age25_49,MODBA.1,8978929
2022-W17,AT,435176,0,0,0,,0,0,0,0,0,0,0,AT,Age5_9,MODBA.1,8978929
2022-W17,AT,1392642,0,0,0,,0,0,0,0,0,0,0,AT,Age50_59,MODBA.1,8978929
2022-W17,AT,1086320,0,0,0,,0,0,1,0,0,0,0,AT,Age60_69,MODBA.1,8978929
2022-W17,AT,741680,0,0,0,,0,0,0,0,0,0,0,AT,Age70_79,MODBA.1,8978929
2022-W17,AT,524214,0,0,0,,0,0,0,0,0,0,0,AT,Age80+,MODBA.1,8978929
2022-W17,AT,1551690,0,0,0,,0,0,0,0,0,0,0,AT,Age<18,MODBA.1,8978929
2022-W17,AT,7427239,0,0,0,,0,0,1,0,0,0,0,AT,ALL,MODBA.1,8978929
2022-W17,AT,431785,0,0,0,,0,0,0,0,0,0,0,AT,Age0_4,NVXD,8978929
2022-W17,AT,424628,0,0,1,,0,0,0,0,0,0,0,AT,Age10_14,NVXD,8978929
2022-W17,AT,260101,0,0,1,,0,3,0,0,0,0,0,AT,Age15_17,NVXD,8978929
2022-W17,AT,676675,0,0,19,,17,8,1,0,0,0,0,AT,Age18_24,NVXD,8978929
2022-W17,AT,3005708,0,0,57,,87,48,22,2,0,0,0,AT,Age25_49,NVXD,8978929
2022-W17,AT,435176,0,0,0,,0,0,0,0,0,0,0,AT,Age5_9,NVXD,8978929
2022-W17,AT,1392642,0,0,23,,47,30,19,0,0,0,0,AT,Age50_59,NVXD,8978929
2022-W17,AT,1086320,0,0,11,,23,20,4,1,0,0,0,AT,Age60_69,NVXD,8978929
2022-W17,AT,741680,0,0,7,,14,8,2,0,0,0,0,AT,Age70_79,NVXD,8978929
2022-W17,AT,524214,0,0,2,,3,1,7,0,0,0,0,AT,Age80+,NVXD,8978929
2022-W17,AT,1551690,0,0,2,,0,3,0,0,0,0,0,AT,Age<18,NVXD,8978929
2022-W17,AT,7427239,0,0,119,,191,115,55,3,0,0,0,AT,ALL,NVXD,8978929
2022-W17,AT,431785,0,0,0,,0,0,0,0,0,0,0,AT,Age0_4,SGSK,8978929
2022-W17,AT,424628,0,0,0,,0,0,0,0,0,0,0,AT,Age10_14,SGSK,8978929
2022-W17,AT,260101,0,0,0,,0,0,0,0,0,0,0,AT,Age15_17,SGSK,8978929
2022-W17,AT,676675,0,0,0,,0,0,0,0,0,0,0,AT,Age18_24,SGSK,8978929
2022-W17,AT,3005708,0,0,0,,0,0,0,0,0,0,0,AT,Age25_49,SGSK,8978929
2022-W17,AT,435176,0,0,0,,0,0,0,0,0,0,0,AT,Age5_9,SGSK,8978929
2021-W52,AT,435176,0,0,0,,0,0,0,0,0,0,0,AT,Age5_9,COMBA.4-5,8932664
2021-W52,AT,1392642,0,0,0,,1,0,0,0,0,0,0,AT,Age50_59,COMBA.4-5,8932664
2021-W52,AT,1086320,0,0,0,,0,0,0,0,0,0,0,AT,Age60_69,COMBA.4-5,8932664
